ISO,Name,Age,Ht.,Nickname,Result / next fight / status,Ref,Endeavor record,MMA record
Flag of Belarus.svg,Andrei Arlovski *,43,6 ft 3 in (1.91 m),The Pit Bull,,,23–14 (1 NC),34–20 (2 NC)
Flag of Sweden.svg,Alexander Gustafsson,35,6 ft 4 in (1.93 m),The Mauler,UFC Fight Night 208 (London) – Nikita Krylov / Moving to Light Heavyweight,[69],10–7,18–7
Flag of United States.svg,Stipe Miocic,39,6 ft 4 in (1.93 m),,,,14–4,20–4
Flag of Sweden.svg,Ilir Latifi,38,5 ft 10 in (1.78 m),The Sledgehammer,,,8–6,15–8 (1 NC)
Flag of United States.svg,Walt Harris,39,6 ft 5 in (1.96 m),The Big Ticket,,,6–8 (1 NC),13–10 (1 NC)
Flag of United States.svg,Derrick Lewis,37,6 ft 3 in (1.91 m),The Black Beast,UFC 277 (TBD) - Sergei Pavlovich,[70],17–7,26–9 (1 NC)
Flag of Brazil.svg,Marcos Rogério de Lima *,37,6 ft 1 in (1.85 m),Pezão,Loss - UFC 274 (Phoenix) – Blagoy Ivanov,[71],8–7,19–8–1
Flag of Russian Federation.svg,Alexey Oleynik,45,6 ft 2 in (1.88 m),The Boa Constrictor,,,9–7,60–17–1
Flag of United States.svg,Jake Collier,33,6 ft 3 in (1.91 m),The Prototype,,,5–6,13–7
Flag of Russian Federation.svg,Shamil Abdurakhimov,40,6 ft 3 in (1.91 m),Abrek,,,5–5,20–7
Flag of Cameroon.svg,Francis Ngannou (C),35,6 ft 4 in (1.93 m),The Predator,,,12–2,17–3
Flag of Syria.svg,Jarjis Danho,38,6 ft 3 in (1.91 m),Man Mountain,,,1–1–1,6–1–1 (1 NC)
Flag of United States.svg,Curtis Blaydes,31,6 ft 4 in (1.93 m),Razor,UFC Fight Night 208 (London) - Tom Aspinall,[72],11–3 (1 NC),16–3 (1 NC)
Flag of Poland.svg,Marcin Tybura,36,6 ft 3 in (1.91 m),Tybur,UFC 278 (Salt Lake City) - Alexander Romanov,[25],9–6,22–7
Flag of United States.svg,Chase Sherman,32,6 ft 4 in (1.93 m),The Vanilla Gorilla,UFC on ESPN 39 (Las Vegas) - Jared Vanderaa,[73],3–8,15–10
Flag of United States.svg,Devin Clark,33,6 ft 0 in (1.83 m),Brown Bear,UFC Fight Night 209 (TBD) - Azamat Murzakanov / Moving to Light Heavyweight,[74],7–6,13–6
Flag of Russian Federation.svg,Alexander Volkov,33,6 ft 7 in (2.01 m),Drago,Win - UFC Fight Night 207 (Las Vegas) - Jairzinho Rozenstruik,[75],9–4,35–10
Flag of Australia.svg,Tai Tuivasa,29,6 ft 2 in (1.88 m),Bam Bam,,,8–3,14–3
Flag of Bulgaria.svg,Blagoy Ivanov,35,5 ft 11 in (1.80 m),Baga,Win - UFC 274 (Phoenix) – Marcos Rogério de Lima,[71],3–3,19–4 (1 NC)
Flag of Brazil.svg,Augusto Sakai,31,6 ft 4 in (1.93 m),,UFC on ESPN 40 (TBD) - Sergey Spivak,[76],4–3,15–4–1
Flag of Russian Federation.svg,Sergei Pavlovich,30,6 ft 3 in (1.91 m),,UFC 277 (TBD) - Derrick Lewis,[70],3–1,15–1
Flag of Spain.svg,Juan Espino,41,6 ft 4 in (1.93 m),El Guapo,,,2–1,10–2
Flag of Suriname.svg,Jairzinho Rozenstruik,34,6 ft 2 in (1.88 m),Bigi Boy,Loss - UFC Fight Night 207 (Las Vegas) - Alexander Volkov,[75],6–4,12–4
Flag of Moldova.svg,Sergey Spivak,27,6 ft 3 in (1.91 m),The Polar Bear,UFC on ESPN 38 (TBD) - Augusto Sakai,[76],5–3,14–3
Flag of France.svg,Ciryl Gane,32,6 ft 5 in (1.96 m),Bon Gamin,,,7–1,10–1
Flag of Australia.svg,Justin Tafa,28,6 ft 0 in (1.83 m),Bad Man,UFC 277 (TBD) - Don'Tale Mayes,[77],2–3,5–3
Flag of Canada.svg,Tanner Boser,30,6 ft 2 in (1.88 m),The Bulldozer,,,4–3,20–8–1
Flag of United States.svg,Don'Tale Mayes,30,6 ft 6 in (1.98 m),Kong,UFC 277 (TBD) - Justin Tafa,[77],2–2,9–4
Flag of Brazil.svg,Rodrigo Nascimento,29,6 ft 3 in (1.91 m),Zé Colmeia,,,2–1,9–1
Flag of England.svg,Tom Aspinall,29,6 ft 5 in (1.96 m),,UFC Fight Night 208 (London) - Curtis Blaydes,[72],5–0,12–2
Flag of United States.svg,Chris Daukaus,32,6 ft 2 in (1.88 m),,,,4–2,12–5
Flag of United States.svg,Parker Porter,37,6 ft 0 in (1.83 m),,Loss - UFC Fight Night 206 (Las Vegas) - Jailton Almeida,[78],3–2,13–7
Flag of Moldova.svg,Alexander Romanov,31,6 ft 2 in (1.88 m),King Kong,UFC 278 (Salt Lake City) - Marcin Tybura,[25],5–0,16–0
Flag of United States.svg,William Knight,34,5 ft 10 in (1.78 m),,,,3–3,11–4
Flag of France.svg,Alan Baudot,29,6 ft 3 in (1.91 m),The Black Samourai,Loss - UFC on ESPN 38 (Las Vegas) - Josh Parisian,[79],0–3 (1 NC),8-4 (1 NC)
Flag of United States.svg,Josh Parisian,33,6 ft 4 in (1.93 m),,Win - UFC on ESPN 38 (Las Vegas) - Alan Baudot,[79],2–2,15–5
Flag of United States.svg,Jared Vanderaa,30,6 ft 4 in (1.93 m),The Mountain,UFC on ESPN 39 (Las Vegas) - Chase Sherman,[73],1–4,12–8
Flag of United States.svg,Harry Hunsucker,33,6 ft 2 in (1.88 m),The Hurricane,UFC 278 (Salt Lake City) - Tyson Pedro/ Moving to LHW,[80],0–2,7–5
Flag of United States.svg,Chris Barnett,36,5 ft 9 in (1.75 m),Huggy Bear / Beastboy,,,1–2,22–8
Flag of Brazil.svg,Jailton Almeida,31,6 ft 3 in (1.91 m),Malhadinho,Win - UFC Fight Night 206 (Las Vegas) - Parker Porter,[78],2–0,16–2
Flag of Slovakia.svg,Martin Buday,30,6 ft 4 in (1.93 m),Badys,UFC Fight Night 209 (TBD) - Łukasz Brzeski,[17],1–0,10–1
Flag of United States.svg,Ed Herman *,41,6 ft 2 in (1.88 m),Short Fuse,,,13–12 (1 NC),26–15 (1 NC)
Flag of Brazil.svg,Maurício Rua,40,6 ft 1 in (1.85 m),Shogun,Loss - UFC 274 (Phoenix) – Ovince Saint Preux,[81],11–11–1,27–13–1
Flag of United States.svg,Luke Rockhold *,37,6 ft 3 in (1.91 m),,UFC 278 (TBD) - Paulo Costa / Moving to Middleweight,[82],9–4,16–5
Flag of United States.svg,Jon Jones,34,6 ft 4 in (1.93 m),Bones,,,20–1 (1 NC),26–1 (1 NC)
Flag of Haiti.svg,Ovince Saint Preux*,39,6 ft 3 in (1.91 m),OSP,UFC 274 (Phoenix) – Maurício Rua,[81],16–12,26–16
Flag of United States.svg,Dustin Jacoby,34,6 ft 4 in (1.93 m),,UFC on ABC 3 (TBD) - Jung Da Un,[83],5–2–1,17–5–1
Flag of Brazil.svg,Glover Teixeira,42,6 ft 2 in (1.88 m),,Loss - UFC 275 (Singapore) – Jiří Procházka,[67],16–6,33–8
Flag of United States.svg,Sam Alvey,36,6 ft 2 in (1.88 m),Smile'N,UFC on ESPN 40 (TBD) - Michał Oleksiejczuk,[84],10–12–1,33–17–1 (1 NC)
Flag of Brazil.svg,Thiago Santos,38,6 ft 2 in (1.88 m),Marreta,UFC on ESPN 40 (TBD) - Jamahal Hill,[85],14–9,22–10
Flag of Ukraine.svg,Nikita Krylov,30,6 ft 2 in (1.88 m),The Miner,UFC Fight Night 208 (London) – Alexander Gustafsson,[69],8–7,27–9
Flag of Poland.svg,Jan Błachowicz,39,6 ft 2 in (1.88 m),The Prince of Cieszyn,Win - UFC on ESPN 36 (Las Vegas) – Aleksandar Rakić,[86],12–6,29–9
Flag of United States.svg,Anthony Smith *,33,6 ft 4 in (1.93 m),Lionheart,UFC 277 (TBD) - Magomed Ankalaev,[87],13–8,36–16
Flag of Moldova.svg,Ion Cuțelaba,28,6 ft 1 in (1.85 m),The Hulk,Loss - UFC on ESPN 36 (Las Vegas) – Ryan Spann,[88],5–6–1,16–7–1 (1 NC)
Flag of United States.svg,Khalil Rountree Jr.,32,6 ft 1 in (1.85 m),The War Horse,,,6–5 (1 NC),10–5 (1 NC)
Flag of Italy.svg,Marvin Vettori,28,6 ft 0 in (1.83 m),The Italian Dream,UFC Fight Night 213 (Paris) - Robert Whittaker / Moving to Middleweight,[89],8–3–1,18–5–1
Flag of Australia.svg,Tyson Pedro,30,6 ft 3 in (1.91 m),,UFC 278 (Salt Lake City) - Harry Hunsucker,[80],4–3,8–3
Flag of Scotland.svg,Paul Craig,34,6 ft 4 in (1.93 m),BearJew,UFC Fight Night 208 (London) - Volkan Oezdemir,[90],8–4–1,16–4–1
Flag of Switzerland.svg,Volkan Oezdemir,32,6 ft 2 in (1.88 m),No Time,UFC Fight Night 208 (London) - Paul Craig,[90],5–5,17–6
Flag of Brazil.svg,Paulo Costa,31,6 ft 0 in (1.83 m),The Eraser,(1) UFC 278 (TBD) - Luke Rockhold / Moving to Middleweight,[82],5–2,13–2
Flag of United States.svg,Dominick Reyes,32,6 ft 4 in (1.93 m),The Devastator,,,6–3,12–3
Flag of Austria.svg,Aleksandar Rakić,30,6 ft 5 in (1.96 m),,Loss - UFC on ESPN 36 (Las Vegas) – Jan Błachowicz,[86],6–2,14–3
Flag of United States.svg,Karl Roberson,31,6 ft 1 in (1.85 m),Baby K,UFC on ESPN 39 (Las Vegas) - Kennedy Nzechukwu,[92],4–5,9–5
Flag of Poland.svg,Michał Oleksiejczuk,27,6 ft 0 in (1.83 m),Hussar,UFC on ESPN 40 (TBD) - Sam Alvey,[[84],4–3 (1 NC),16–5 (1 NC)
Flag of Poland.svg,Marcin Prachnio,33,6 ft 3 in (1.91 m),,,,2–4,15–6
Flag of Russian Federation.svg,Magomed Ankalaev,30,6 ft 2 in (1.88 m),,UFC 277 (TBD) - Anthony Smith,[87],8–1,17–1
Flag of United States.svg,Ryan Spann,30,6 ft 5 in (1.96 m),Superman,Win - UFC on ESPN 36 (Las Vegas) – Ion Cuțelaba,[88],6–2,20–7
Flag of Brazil.svg,Johnny Walker,30,6 ft 5 in (1.96 m),,,,4–4,18–7
Flag of Australia.svg,Jimmy Crute,27,6 ft 2 in (1.88 m),The Brute,,,4–3,12–3
Flag of United States.svg,Alonzo Menifield,34,6 ft 0 in (1.83 m),,Win - UFC Fight Night 207 (Las Vegas) - Askar Mozharov,[93],5–3,12–3
Flag of Romania.svg,Nicolae Negumereanu,27,6 ft 1 in (1.85 m),Nicu,UFC 277 (Dallas) - Ihor Potieria,[19],3–1,12–1
Flag of Nigeria.svg,Kennedy Nzechukwu,30,6 ft 5 in (1.96 m),The African Savage,UFC on ESPN 39 (Las Vegas) ) - Karl Roberson,[92],3–3,9–3
Flag of South Korea.svg,Jung Da Un,34,6 ft 3 in (1.91 m),,UFC Fight Night 208 (London) - Dustin Jacoby,[83],4–0–1,15–2–1
Flag of Russian Federation.svg,Shamil Gamzatov,31,6 ft 2 in (1.88 m),,UFC on ESPN 40 (TBD) - Misha Cirkunov,[94],1–1,14–1
Flag of United States.svg,Aleksa Camur,26,6 ft 0 in (1.83 m),,,,1–2,6–2
Flag of United States.svg,Jamahal Hill,31,6 ft 4 in (1.93 m),Sweet Dreams,UFC on ESPN 40 (TBD) - Thiago Santos,[85],4–1 (1 NC),10–1 (1 NC)
Flag of Brazil.svg,Philipe Lins,36,6 ft 1 in (1.85 m),Monstro,,,1–2,15–5
Flag of the Czech Republic.svg,Jiří Procházka (C),29,6 ft 4 in (1.93 m),Denisa,Win - UFC 275 (Singapore) – Glover Teixeira,[67],3–0,29–3–1
Flag of Russian Federation.svg,Maxim Grishin,38,6 ft 3 in (1.91 m),Maximus,,[78],2–2,32–9–2
Flag of Cameroon.svg,Tafon Nchukwi,27,6 ft 0 in (1.83 m),Cameroon Express,Loss - UFC on ESPN 38 (Las Vegas) - Carlos Ulberg,[95],2–3,6–3
Flag of New Zealand.svg,Carlos Ulberg,31,6 ft 4 in (1.93 m),Black Jag,Win - UFC on ESPN 38 (Las Vegas) -Tafon Nchukwi,[95],2–1,5–1
Flag of Russian Federation.svg,Azamat Murzakanov,33,5 ft 10 in (1.78 m),The Professional,UFC Fight Night 209 (TBD) - Devin Clark,[74],1–0,11–0
Robbie Lawler *,40,5 ft 11 in (1.80 m),Ruthless,UFC 276 (Las Vegas ) - Bryan Barberena / Moving to Welterweight,[96],15–11,29–15 (1 NC),
Flag of United States.svg,Nick Diaz *,38,6 ft 1 in (1.85 m),,,,13–7 (1 NC),26–10 (2 NC)
Flag of United States.svg,Brad Tavares,34,6 ft 1 in (1.85 m),,UFC 276 (Las Vegas) - Dricus du Plessis,[97],14–6,19–6
Flag of United States.svg,Chris Weidman,38,6 ft 2 in (1.88 m),The All-American,,,11–6,15–6
Flag of United States.svg,Derek Brunson *,38,6 ft 1 in (1.85 m),,,,17–7,23–8
Flag of Australia.svg,Robert Whittaker,31,6 ft 0 in (1.83 m),The Reaper,UFC Fight Night 210 (Paris) - Marvin Vettori,[89],14–4,23–6
Flag of Jamaica.svg,Uriah Hall,37,6 ft 0 in (1.83 m),Prime Time,UFC 276 (Las Vegas) – André Muniz,[98],10–8,17–10
Flag of United States.svg,Kelvin Gastelum,30,5 ft 9 in (1.75 m),,,,11–8 (1 NC),16–8 (1 NC)
Flag of United States.svg,Zak Cummings,37,6 ft 0 in (1.83 m),,,,9–4,24–7
Flag of Poland.svg,Krzysztof Jotko,32,6 ft 1 in (1.85 m),,,,11–5,24–5
Flag of United States.svg,Sean Strickland,31,6 ft 1 in (1.85 m),Tarzan,UFC 276 (Las Vegas) - Alex Pereira,[99],12–3,25–3
Flag of United States.svg,Jared Cannonier,38,5 ft 11 in (1.80 m),Tha Killa Gorilla,UFC 276 (Las Vegas) - Israel Adesanya,[65],8–5,15–5
Flag of England.svg,Darren Till,29,6 ft 0 in (1.83 m),The Gorilla,UFC Fight Night 208 (London) - Jack Hermansson,[100],6–4–1,18–4–1
Flag of Canada.svg,Misha Cirkunov,35,6 ft 3 in (1.91 m),,UFC on ESPN 40 (TBD) - Shamil Gamzatov/ Moving to LHW,[94],6–6,15–8
Flag of Ghana.svg,Abdul Razak Alhassan,36,5 ft 10 in (1.78 m),Judo Thunder,"(June 14, 2022) Alhassan Out - Out of UFC on ESPN 39 (Las Vegas) - Jamie Pickett",[101],5–5,11–5
Flag of Italy.svg,Alessio Di Chirico,32,6 ft 0 in (1.83 m),Manzo,UFC Fight Night 210 (Paris) - Roman Kopylov,[102],4–6,13–6
Flag of Norway.svg,Jack Hermansson,34,6 ft 1 in (1.85 m),The Joker,UFC Fight Night 208 (London) - Darren Till,[100],9–5,22–7
Flag of Wales.svg,Jack Marshman,32,6 ft 0 in (1.83 m),The Hammer,,,3–5,23–10
Flag of United States.svg,Gerald Meerschaert,34,6 ft 1 in (1.85 m),GM3,UFC Fight Night 209 (TBD) - Bruno Silva,[103],9–7,34–15
Flag of United States.svg,Eryk Anders,35,6 ft 2 in (1.88 m),Ya Boi,Loss - UFC Fight Night 206 (Las Vegas) - Park Jun-yong,[104],6–7 (1 NC),14–7 (1 NC)
Flag of United States.svg,Julian Marquez,32,6 ft 2 in (1.88 m),The Cuban Missile Crisis,Loss - UFC on ESPN 37 (Austin) - Gregory Rodrigues,[105],3–2,9–3
Flag of Nigeria.svg,Israel Adesanya (C),32,6 ft 4 in (1.93 m),The Last Stylebender,UFC 276 (Las Vegas) - Jared Cannonier,[65],11–1,22–1
Flag of Morocco.svg,Abu Azaitar,36,5 ft 10 in (1.78 m),Gladiator,,,1–1,14–2–1 (1 NC)
Flag of United States.svg,Ian Heinisch,33,5 ft 11 in (1.80 m),The Hurricane,,,3–4,14–5
Flag of United States.svg,Edmen Shahbazyan,24,6 ft 2 in (1.88 m),,,,4–3,11–3
Flag of United States.svg,Anthony Hernandez,28,6 ft 0 in (1.83 m),Fluffy,,,3–2,9–2 (1 NC)
Flag of North Macedonia.svg,Alen Amedovski,34,5 ft 10 in (1.78 m),,Loss - UFC Fight Night 206 (Las Vegas) – Joseph Holmes,[106],0–3,8–3
Flag of Canada.svg,Marc-André Barriault,32,6 ft 1 in (1.85 m),Power Bar,,,3–4 (1),14–5 (1)
Flag of United States.svg,Deron Winn,33,5 ft 7 in (1.70 m),,Loss - UFC on ESPN 38 (Las Vegas) - Phil Hawes,[107],2–3,7–3
Flag of the Democratic Republic of the Congo.svg,Dalcha Lungiambula,36,5 ft 10 in (1.78 m),Champion,UFC on ABC 3 (New York) - Punahele Soriano,[108],2–3,11–4
Flag of Brazil.svg,Wellington Turman,25,6 ft 0 in (1.83 m),,,,3–3,18–5
Flag of Brazil.svg,Rodolfo Vieira,32,5 ft 11 in (1.80 m),Tha Black Belt Hunter,Loss - UFC on ESPN 38 (Las Vegas) - Chris Curtis,[109],3–2,8–2
Flag of South Korea.svg,Park Jun-yong,31,6 ft 0 in (1.83 m),,Win - UFC Fight Night 206 (Las Vegas) - Eryk Anders,[104],4–2,14–5
Flag of Uzbekistan.svg,Makhmud Muradov,32,6 ft 2 in (1.88 m),Mach,UFC Fight Night 210 (Paris) - Abusupiyan Magomedov,[15],3–1,25–7
Flag of United States.svg,Brendan Allen,26,6 ft 2 in (1.88 m),All In,Win - UFC 275 (Singapore) - Jacob Malkoun,[110],7–2,19–5
Flag of Russian Federation.svg,Roman Kopylov,31,6 ft 0 in (1.83 m),,UFC Fight Night 210 (Paris) - Alessio Di Chirico,[102],0–2,8–2
Flag of Brazil.svg,André Muniz,32,6 ft 2 in (1.88 m),Sergipano,UFC 276 (Las Vegas) – Uriah Hall,[98],4–0,22–4
Flag of United States.svg,Punahele Soriano,29,6 ft 0 in (1.83 m),Story Time,UFC on ABC 3 (New York) - Dalcha Lungiambula,[108],2–2,8–2
Flag of United States.svg,Kyle Daukaus,29,6 ft 3 in (1.91 m),The D'Arce Knight,Loss - UFC on ESPN 38 (Las Vegas) - Roman Dolidze,[111],2–3–0 (1 NC),11–3–0 (1 NC)
Flag of Georgia (country).svg,Roman Dolidze,33,6 ft 3 in (1.91 m),Bazooka,Win - UFC on ESPN 37 (Austin) - Kyle Daukaus,[111],4–1,10–1
Flag of United States.svg,Joaquin Buckley,28,5 ft 8 in (1.73 m),New Mansa,Win - UFC on ESPN 37 (Austin) - Albert Duraev,[112],5–2,15–4
Flag of United States.svg,Jordan Wright,30,6 ft 1 in (1.85 m),The Beverly Hills Ninja,,,2–3,12–3 (1 NC)
Flag of France.svg,Nassourdine Imavov,27,6 ft 3 in (1.91 m),,,,3–1,11–3
Flag of Serbia.svg,Duško Todorović,28,6 ft 1 in (1.85 m),,Loss - UFC Fight Night 206 (Las Vegas)) - Chidi Njokuani,[113],2–3,11–3
Flag of South Africa.svg,Dricus du Plessis,28,6 ft 0 in (1.83 m),Stillknocks,UFC 276 (Las Vegas) - Brad Tavares,[97],2–0,16–2
Flag of Australia.svg,Jacob Malkoun,26,6 ft 1 in (1.85 m),Mamba,Loss - UFC 275 (Singapore) - Brendan Allen,[110],2–2,6–2
Flag of United States.svg,Phil Hawes,33,5 ft 11 in (1.80 m),Megatron,Win - UFC on ESPN 37 (Austin) - Deron Winn,[107],4–1,12–3
Flag of United States.svg,Dustin Stoltzfus,30,5 ft 11 in (1.80 m),,UFC on ABC 3 (New York ) - Dwight Grant,[108],0–3,13–4
Flag of United States.svg,Jamie Pickett,33,6 ft 2 in (1.88 m),The Nightwolf,UFC on ESPN 39 (Las Vegas) - Denis Tiuliulin,[101],2–3,13–7
Flag of Brazil.svg,Gregory Rodrigues,30,6 ft 3 in (1.91 m),Robocop,UFC Fight Night 211 (TBD) - Chidi Njokuani,[114],3–1,12–4
Flag of Brazil.svg,Bruno Silva,32,6 ft 0 in (1.83 m),Blindado,UFC Fight Night 209 (TBD) - Gerald Meerschaert,[103],3–1,22–7
Flag of United States.svg,Andre Petroski,31,6 ft 0 in (1.83 m),,Win - UFC on ESPN 36 (TBD) – Nick Maximov,[115],3–0,8–1
Flag of United States.svg,Bryan Battle,27,6 ft 1 in (1.85 m),Pooh Bear,UFC on ESPN 40 (TBD) - Takashi Sato/ Moving to Welterweight,[116],2–0,7–1
Flag of United States.svg,Gilbert Urbina,26,6 ft 3 in (1.91 m),,,,0–1,6–2
Flag of United States.svg,Nick Maximov,24,6 ft 0 in (1.83 m),,Loss - UFC on ESPN 36 (TBD) – Andre Petroski,[115],2–1,8–1
Flag of United States.svg,Cody Brundage,28,6 ft 0 in (1.83 m),,UFC on ESPN 39 (Las Vegas) - Tresean Gore,[117],1–1,7–2
Flag of Russian Federation.svg,Albert Duraev,33,5 ft 11 in (1.80 m),Machete,Loss - UFC on ESPN 37 (Austin) - Joaquin Buckley,[112],1–1,15–4
Flag of United States.svg,Chris Curtis,34,5 ft 10 in (1.78 m),The Action Man,Win - UFC on ESPN 38 (Las Vegas) - Rodolfo Vieira,[109],3–0,29–8
Flag of Brazil.svg,Alex Pereira,34,6 ft 4 in (1.93 m),Poatan,UFC 276 (Las Vegas) - Sean Strickland,[99],2–0,5–1
Flag of United States.svg,Joseph Holmes,26,6 ft 4 in (1.93 m),Ugly Man,Win - UFC Fight Night 206 (Las Vegas) – Alen Amedovski,[106],1–1,8–2
Flag of United States.svg,Chidi Njokuani,33,6 ft 3 in (1.91 m),Chidi Bang Bang,UFC Fight Night 211 (TBD) - Gregory Rodrigues,[114],2–0,22–7 (1 NC)
Flag of United States.svg,Tresean Gore,28,6 ft 0 in (1.83 m),Mr. Vicious,UFC on ESPN 39 (Las Vegas) - Cody Brundage,[117],0–1,3–1
Flag of United States.svg,A.J. Dobson,30,6 ft 1 in (1.85 m),,,,0–1,6–1
Flag of Armenia.svg,Armen Petrosyan,31,6 ft 3 in (1.91 m),Superman,UFC on ESPN 39 (Las Vegas) - Caio Borralho,[118],1–0,7–1
Flag of Russian Federation.svg,Aliaskhab Khizriev,31,5 ft 9 in (1.75 m),The Black Wolf,,,1–0,14–0
Flag of Russian Federation.svg,Denis Tiuliulin,34,6 ft 1 in (1.85 m),,UFC on ESPN 39 (Las Vegas) - Denis Tiuliulin,[101],0–1,10–6
Flag of United States.svg,Josh Fremd,28,6 ft 4 in (1.93 m),,"(May 18, 2022) - Injury - Out of UFC Fight Night 209 (TBD) - Tresean Gore",[117],0–1,9–3
Flag of Brazil.svg,Caio Borralho,29,5 ft 10 in (1.78 m),The Natural,UFC on ESPN 39 (Las Vegas) - Armen Petrosyan,[118],1–0,11–1 (1 NC)
Flag of Russian Federation.svg,Gadzhi Omargadzhiev,29,6 ft 1 in (1.85 m),,,,0–1,13–1
Flag of United States.svg,Nate Diaz *,37,6 ft 0 in (1.83 m),,,,18–12,20–13
Flag of United States.svg,Matt Brown,41,6 ft 0 in (1.83 m),The Immortal,,,16–13,23–19
Flag of United States.svg,Donald Cerrone *,39,6 ft 0 in (1.83 m),Cowboy,UFC 276 (Las Vegas) – Jim Miller,[119],29–16–1 (1 NC),36–16–1 (1 NC)
Flag of United States.svg,Court McGee,37,5 ft 11 in (1.80 m),The Crusher,Loss - UFC on ESPN 37 (Austin) - Jeremiah Wells,[120],10–10,21–11
Flag of United States.svg,Jorge Masvidal *,37,5 ft 10 in (1.78 m),Gamebred,,,14–10,35–16
Flag of United States.svg,Stephen Thompson,39,6 ft 0 in (1.83 m),Wonderboy,,,11–6–1,16–6–1
Flag of United States.svg,Tim Means,38,6 ft 2 in (1.88 m),The Dirty Bird,Loss - UFC on ESPN 37 (Austin) - Kevin Holland,[121],14–10 (1 NC),32–13–1 (1 NC)
Flag of United States.svg,Michael Chiesa,34,6 ft 1 in (1.85 m),Maverick,,,11–6,18–6
Flag of Brazil.svg,Francisco Trinaldo,43,5 ft 9 in (1.75 m),Massaranduba,Win - UFC 274 (Phoenix) - Danny Roberts,[122],17–7,27–8
Flag of Iceland.svg,Gunnar Nelson,33,5 ft 11 in (1.80 m),Gunni,,,9–5,18–5–1
Flag of United States.svg,Neil Magny,34,6 ft 3 in (1.91 m),,Loss - UFC on ESPN 38 (Las Vegas) - Shavkat Rakhmonov,[123],19–8,26–9
Flag of United States.svg,James Krause *,36,6 ft 2 in (1.88 m),The James Krause,,,9–6,28–8
Flag of Argentina.svg,Santiago Ponzinibbio,35,6 ft 0 in (1.83 m),Gente Boa,Loss - UFC Fight Night 206 (Las Vegas) - Michel Pereira,[124],10–5,28–6
Flag of Brazil.svg,Cláudio Silva,39,5 ft 11 in (1.80 m),Hannibal,UFC Fight Night 208 (London) - Nicolas Dalby,[125],5–2,14–3
Flag of China.svg,Li Jingliang,34,6 ft 0 in (1.83 m),The Leech,UFC on ABC 3 (Las Vegas) - Muslim Salikhov,[126],10–5,18–7
Flag of Brazil.svg,Warlley Alves,31,5 ft 11 in (1.80 m),,,,8–5,14–5
Flag of Australia.svg,Jake Matthews,27,5 ft 9 in (1.75 m),The Celtic Kid,Win - UFC 275 (Singapore) - André Fialho,[127],11–5,18–5
Flag of Brazil.svg,Gilbert Burns,35,5 ft 10 in (1.78 m),Durinho,,,13–5,20–5
Flag of United States.svg,Colby Covington,34,5 ft 11 in (1.80 m),Chaos,,,12–3,17–3
Flag of England.svg,Leon Edwards,30,6 ft 0 in (1.83 m),Rocky,UFC 278 (Salt Lake City) - Kamaru Usman,[63],11–2 (1 NC),19–3(1 NC)
Flag of United States.svg,Bryan Barberena,33,6 ft 0 in (1.83 m),Bam Bam,UFC 276 (Las Vegas ) - Robbie Lawler,[96],8–6,17–8
Flag of Brazil.svg,Elizeu Zaleski dos Santos,35,5 ft 11 in (1.80 m),Capoeira,,,9–3,23–7
Flag of Denmark.svg,Nicolas Dalby,37,5 ft 11 in (1.80 m),Lokomotivo,UFC Fight Night 208 (London) - Cláudio Silva,[125],3–3–1 (2 NC),19–4–1 (2 NC)
Flag of Nigeria.svg,Kamaru Usman (C),35,6 ft 0 in (1.83 m),The Nigerian Nightmare,UFC 278 (Salt Lake City) - Leon Edwards,[63],15–0,20–1
Flag of Brazil.svg,Vicente Luque,30,5 ft 11 in (1.80 m),The Silent Assassin,UFC Fight Night 209 (TBD) - Geoff Neal,[128],14–4,21–8–1
Flag of United States.svg,Lyman Good,37,6 ft 0 in (1.83 m),Cyborg,,,3–3,21–5 (1 NC)
Flag of England.svg,Danny Roberts,34,6 ft 0 in (1.83 m),Hot Chocolate,Loss - UFC 274 (Phoenix) - Francisco Trinaldo,[122],7–4,18–5
Flag of United States.svg,Alex Morono,31,5 ft 11 in (1.80 m),The Great White,UFC 277 (Dallas) - Matthew Semelsberger,[129],10–4 (1 NC),21–7 (1 NC)
Flag of Jamaica.svg,Randy Brown,31,6 ft 3 in (1.91 m),Rude Boy,Win - UFC 274 (Phoenix)- Khaos Williams,[130],9–4,15–4
Flag of United States.svg,Mickey Gall,30,6 ft 2 in (1.88 m),,,,6–5,7–5
Flag of United States.svg,Mike Jackson,37,6 ft 2 in (1.88 m),The Truth,,,1–1 (1 NC),1–1 (1 NC)
Flag of United States.svg,Belal Muhammad,33,5 ft 10 in (1.78 m),Remember the Name,,,12–3 (1 NC),21–3 (1 NC)
Flag of United States.svg,Max Griffin,36,6 ft 0 in (1.83 m),Pain,,,6–7,18–9
Flag of United States.svg,Niko Price,32,6 ft 0 in (1.83 m),The Hybrid,,,7–5 (2 NC),15–5 (2 NC)
Flag of United States.svg,Trevin Giles,29,6 ft 0 in (1.83 m),The Problem,UFC Fight Night 211 (TBD) - Louis Cosce,[131],5–4,14–4
Flag of Russian Federation.svg,Ramazan Emeev,35,5 ft 10 in (1.78 m),Gorets,Loss - UFC 275 (Singapore) - Jack Della Maddalena,[132],5–3,20–6
Flag of China.svg,Song Kenan,32,6 ft 0 in (1.83 m),The Assassin,,,4–2,18–6
Flag of Russian Federation.svg,Muslim Salikhov,38,5 ft 11 in (1.80 m),King of Kung Fu,UFC on ABC 3 (Las Vegas) - Li Jingliang,[126],5–1,18–2
Flag of United States.svg,Geoff Neal,31,5 ft 11 in (1.80 m),Handz of Steel,UFC on ESPN 40 (TBD) - Vicente Luque,[128],6–2,14–4
Flag of United States.svg,Kevin Holland,29,6 ft 3 in (1.91 m),Trailblazer,Win - UFC on ESPN 37 (Austin) - Tim Means,[121],10–4 (1 NC),23–7 (1 NC)
Flag of United States.svg,Dwight Grant,37,6 ft 1 in (1.85 m),The Body Snatcher,UFC on ABC 3 (New York) - Dustin Stoltzfus / Moving to Middleweight,[108],3–4,11–5
Flag of Japan.svg,Takashi Sato,32,5 ft 10 in (1.78 m),,UFC on ESPN 40 (TBD) - Bryan Battle,[116],2–3,16–5
Flag of Brazil.svg,Michel Pereira,28,6 ft 2 in (1.88 m),Demolidor,Win - UFC Fight Night 206 (Las Vegas) - Santiago Ponzinibbio,[124],6–2,28–11 (2 NC)
Flag of Russian Federation.svg,Sergey Khandozhko,30,6 ft 1 in (1.85 m),Honda,,,2–1,27–6–1
Flag of United States.svg,Miguel Baeza,29,6 ft 2 in (1.88 m),Caramel Thunder,,,3–3,10–3
Flag of United States.svg,Sean Brady,29,5 ft 9 in (1.75 m),,,,5–0,15–0
Flag of Russian Federation.svg,Abubakar Nurmagomedov,32,5 ft 11 in (1.80 m),,UFC on ABC 3 (Elmont) - Philip Rowe,[133],1–1,16–3–1
Flag of United States.svg,Khaos Williams,28,6 ft 0 in (1.83 m),Khaos The Ox Fighter,,,4–2,13–3
Flag of United States.svg,Daniel Rodriguez,35,6 ft 2 in (1.88 m),D-Rod,,,6–1,16–2
Flag of United States.svg,Gabriel Green,29,5 ft 10 in (1.78 m),Gifted,UFC 276 (Las Vegas) - Ian Garry,[134],2–1,11–3
Flag of United States.svg,Jason Witt,35,5 ft 10 in (1.78 m),The Vanilla Gorilla,UFC on ESPN 40 (TBD) - Josh Quinlan,[16],2–3,19–8
Flag of Sweden.svg,Khamzat Chimaev,28,6 ft 2 in (1.88 m),Borz,,,5–0,11–0
Flag of Tunisia.svg,Mounir Lazzez,34,5 ft 10 in (1.78 m),Sniper,,,2–1,11–2
Flag of United States.svg,Matthew Semelsberger,29,6 ft 1 in (1.85 m),Semi The Jedi,UFC 277 (Dallas) - Alex Morono,[129],4–1,10–3
Flag of Kazakhstan.svg,Shavkat Rakhmonov,27,6 ft 1 in (1.85 m),Nomad,Win - UFC on ESPN 38 (Las Vegas) - Neil Magny,[123],4–0,16–0
Flag of United States.svg,Ramiz Brahimaj,29,5 ft 10 in (1.78 m),,UFC 277 (Dallas) - Michael Morales,[135],2–2,10–4
Flag of United States.svg,Louis Cosce,26,5 ft 9 in (1.75 m),The Monster,UFC Fight Night 211 (TBD) -Trevin Giles,[131],0–1,7–1
Flag of United States.svg,Philip Rowe,31,6 ft 3 in (1.91 m),The Fresh Prince,UFC on ABC 3 (Elmont) - Abubakar Nurmagomedov,[133],2–1,9–3
Flag of Guyana.svg,Carlston Harris,34,6 ft 0 in (1.83 m),Moçambique,,,2–1,17–5
Flag of United States.svg,Jeremiah Wells,35,5 ft 9 in (1.75 m),,Win - UFC on ESPN 37 (Austin) - Court McGee,[120],3–0,11–2–1
Flag of United States.svg,Preston Parsons,26,5 ft 11 in (1.80 m),Pressure,,,1–1,10–3
Flag of United States.svg,Orion Cosce,27,5 ft 11 in (1.80 m),Galaxy,UFC 277 (Dallas) - Mike Mathetha,[136],0–1,7–1
Flag of United States.svg,Martin Sano Jr.,31,5 ft 11 in (1.80 m),Spartan,,,0–1,4–3–1
Flag of Ireland.svg,Ian Garry,24,6 ft 3 in (1.91 m),The Future,UFC 276 (Las Vegas) - Gabriel Greeny,[134],2–0,9–0
Flag of United States.svg,Darian Weeks,28,5 ft 11 in (1.80 m),,,,0–2,5–2
Flag of Australia.svg,Jack Della Maddalena,25,5 ft 11 in (1.80 m),,Win - UFC 275 (Singapore) - Ramazan Emeev,[132],2–0,12–2
Flag of United States.svg,Pete Rodriguez,25,5 ft 9 in (1.75 m),Dead Game,,,0–1,4–1
Flag of Ecuador.svg,Michael Morales,23,6 ft 0 in (1.83 m),,UFC 277 (Dallas) - Ramiz Brahimaj,[135],1–0,13–0
Flag of Portugal.svg,André Fialho,28,6 ft 0 in (1.83 m),,Loss - UFC 275 (Singapore) - Jake Matthews,[127],2–2,16–5 (1 NC)
Flag of New Zealand.svg,Mike Mathetha,33,5 ft 11 in (1.80 m),Blood,UFC 277 (Dallas) - Orion Cosce,[136],0–1,3–1
Flag of United States.svg,AJ Fletcher,25,5 ft 10 in (1.78 m),The Ghost,UFC 278 (Salt Lake City) - Ange Loosa,[25],0–1,9–1
Flag of Canada.svg,Mike Malott,30,6 ft 1 in (1.85 m),Proper,,,1–0,8–1–1
Flag of Switzerland.svg,Ange Loosa,28,5 ft 10 in (1.78 m),,UFC 278 (Salt Lake City) - AJ Fletcher,[25],0–1,8–3
Flag of United States.svg,Evan Elder,25,5 ft 10 in (1.78 m),The Phenom,,,0–1,7–1
Flag of Canada.svg,Yohan Lainesse,29,6 ft 1 in (1.85 m),White Lion,,,0–1,8–1
Flag of United States.svg,Cameron VanCamp,29,6 ft 2 in (1.88 m),,UFC Fight Night 211 (TBD) - Nikolas Motta/ Moving to Lightweight,[137],0–1,15–6–1
Flag of Russian Federation.svg,Rinat Fakhretdinov,30,6 ft 0 in (1.83 m),Gladiator,Win - UFC Fight Night 207 (Las Vegas) - Andreas Michailidis,[138],1–0,19–1
Flag of United States.svg,Clay Guida *,40,5 ft 7 in (1.70 m),The Carpenter,,,18–14,37–22
Flag of United States.svg,Joe Lauzon,38,5 ft 10 in (1.78 m),J-Lau,,,15–12,28–15
Flag of United States.svg,Jim Miller,38,5 ft 8 in (1.73 m),,UFC 276 (Las Vegas) – Donald Cerrone/ Moving to Welterweight,[119],23–15 (1 NC),34–16 (1 NC)
Flag of Brazil.svg,Rafael dos Anjos,37,5 ft 8 in (1.73 m),,UFC on ESPN 38 (Las Vegas) - Rafael Fiziev,[139],20–11,31–13
Flag of Brazil.svg,Charles Oliveira,32,5 ft 10 in (1.78 m),Do Bronx,(1) Win - UFC 274 (Phoenix) – Justin Gaethje,[140],21–8 (1 NC),33–8 (1 NC)
Flag of United States.svg,Dustin Poirier *,33,5 ft 9 in (1.75 m),The Diamond,,,21–7 (1 NC),28–7 (1 NC)
Flag of United States.svg,Michael Johnson,36,5 ft 9 in (1.75 m),The Menace,UFC on ESPN 39 (TBD) – Jamie Mullarkey,[141],12–13,20–17
Flag of Canada.svg,John Makdessi,37,5 ft 8 in (1.73 m),The Bull,UFC Fight Night 210 (Paris) - Nasrat Haqparast,[142],11–7,18–7
Flag of United States.svg,Tony Ferguson,38,5 ft 11 in (1.80 m),El Cucuy,Loss - UFC 274 (Phoenix) - Michael Chandler,[143],15–5,25–7
Flag of United States.svg,Bobby Green *,35,5 ft 10 in (1.78 m),King,"(June 23, 2022) Out of UFC 276 (Las Vegas) - Jim Miller",[119],14–9–1,29–13–1
Flag of United States.svg,Drew Dober,33,5 ft 8 in (1.73 m),,UFC 277 (TBD) - Rafael Alves,[144],10–7 (1 NC),24–11 (1 NC)
Flag of United States.svg,Vinc Pichel,39,5 ft 10 in (1.78 m),From Hell,UFC Fight Night 215 (TBD) - Jesse Ronson,[145],7–3,14–3
Flag of Brazil.svg,Leonardo Santos,42,6 ft 1 in (1.85 m),,UFC 278 (Salt Lake City) - Jared Gordon,[25],7–2–1,18–5–1
Flag of Ireland.svg,Conor McGregor,33,5 ft 8 in (1.73 m),Notorious,,,10–4,22–6
Flag of Canada.svg,Jesse Ronson,36,5 ft 9 in (1.75 m),The Body Snatcher,UFC Fight Night 212 (TBD) - Vinc Pichel,[145],1–4 (1 NC),22–11 (1 NC)
Flag of Brazil.svg,Alan Patrick,38,5 ft 11 in (1.80 m),Nuguette,Loss - UFC on ESPN 36 (TBD) – Michael Johnson,[146],5–4 (1),15–4 (1)
Flag of United States.svg,Beneil Dariush,33,5 ft 10 in (1.78 m),,,,15–4–1,21–4–1
Flag of Brazil.svg,Carlos Diego Ferreira,37,5 ft 8 in (1.73 m),,UFC 277 (TBD) - Drakkar Klose,[147],8–5,17–5
Flag of United States.svg,Charles Rosa,35,5 ft 9 in (1.75 m),Boston Strong,UFC Fight Night 208 (London) - Nathaniel Wood,[148],5–7,14–7
Flag of United States.svg,Gregor Gillespie,35,5 ft 9 in (1.75 m),The Gift,,,7–1,14–1
Flag of Brazil.svg,Renato Moicano,33,5 ft 11 in (1.80 m),Moicano,,,8–5,16–5–1
Flag of Russian Federation.svg,Islam Makhachev,30,5 ft 10 in (1.78 m),,,,11–1,22–1
Flag of Russian Federation.svg,Magomed Mustafaev,33,5 ft 9 in (1.75 m),,,,3–2,14–3
Flag of United States.svg,Scott Holtzman,38,5 ft 9 in (1.75 m),Hot Sauce,,,7–5,14–5
Flag of Brazil.svg,Joaquim Silva,33,5 ft 8 in (1.73 m),Netto BJJ,,,4–3,11–3
Flag of United States.svg,Chris Gruetzemacher,36,5 ft 8 in (1.73 m),Gritz,,,3–4,15–5
Flag of Sweden.svg,David Teymur,33,5 ft 9 in (1.75 m),,,,5–1,8–2
Flag of Bosnia and Herzegovina.svg,Damir Hadžović,35,5 ft 11 in (1.80 m),The Bosnian Bomber,UFC Fight Night 208 (London) - Marc Diakiese,[149],4–4,14–6
Flag of United States.svg,Ricky Glenn,33,6 ft 0 in (1.83 m),The Gladiator,,,4–3–1,22–6–2
Flag of England.svg,Marc Diakiese,29,5 ft 10 in (1.78 m),Bonecrusher,UFC Fight Night 208 (London) - Damir Hadžović,[149],6–5,15–5
Flag of Peru.svg,Claudio Puelles,26,5 ft 11 in (1.80 m),El Niño,,,5–1,12–2
Flag of United States.svg,Drakkar Klose,34,5 ft 8 in (1.73 m),,UFC 277 (TBD) - Carlos Diego Ferreira,[147],6–2,12–2–1
Flag of United States.svg,Jared Gordon,33,5 ft 9 in (1.75 m),Flash,UFC 278 (Salt Lake City) - Leonardo Santos,[25],6–4,18–5
Flag of United States.svg,Justin Gaethje,33,5 ft 11 in (1.80 m),The Highlight,Loss - UFC 274 (Phoenix) – Charles Oliveira,[140],6–4,23–4
Flag of Germany.svg,Nasrat Haqparast,26,5 ft 10 in (1.78 m),,UFC Fight Night 210 (Paris) - John Makdessi,[142],5–4,13–5
Flag of United States.svg,Matt Frevola,32,5 ft 9 in (1.75 m),Steamrolla,,,3–3–1,9–3–1
Flag of United States.svg,Alexander Hernandez,29,5 ft 9 in (1.75 m),The Great,,,5–4,13–5
Flag of United States.svg,Christos Giagos,32,5 ft 10 in (1.78 m),The Spartan,Loss - UFC on ESPN 38 (Las Vegas) - Thiago Moisés,[150],5–6,19–10
Flag of Brazil.svg,Thiago Moisés,27,5 ft 9 in (1.75 m),,Win - UFC on ESPN 38 (Las Vegas) - Christos Giagos,[150],5–4,16–6
Flag of United States.svg,Jalin Turner,27,6 ft 3 in (1.91 m),The Tarantula,UFC 276 (Las Vegas) - Brad Riddell,[151],4–2,11–5
Flag of Russian Federation.svg,Damir Ismagulov,31,5 ft 10 in (1.78 m),,Win -UFC on ESPN 37 (Austin) - Guram Kutateladze,[152],5–0,24–1
Flag of Spain.svg,Joel Álvarez,29,6 ft 3 in (1.91 m),El Fenomeno,,,4–2,19–3
Flag of United States.svg,Grant Dawson,28,5 ft 10 in (1.78 m),The Prophet,Win - UFC on ESPN 35 (Las Vegas) - Jared Gordon,[153],6–0–1,18–1–1
Flag of Kyrgyzstan.svg,Rafael Fiziev,29,5 ft 8 in (1.73 m),Ataman,UFC on ESPN 39 (Las Vegas) - Rafael dos Anjos,[139],6–1,11–1
Flag of Georgia (country).svg,Arman Tsarukyan,25,5 ft 9 in (1.75 m),,UFC on ESPN 38 (Las Vegas) - Mateusz Gamrot,[154],5–1,18–2
Flag of United States.svg,Mike Davis,29,6 ft 0 in (1.83 m),Beast Boy,,,2–1,9–2
Flag of Denmark.svg,Mark Madsen,37,5 ft 10 in (1.78 m),The Olympian,,,4–0,12–0
Flag of New Zealand.svg,Brad Riddell,30,5 ft 8 in (1.73 m),Quake,UFC 276 (Las Vegas) - Jalin Turner,[151],4–1,10–2
Flag of Australia.svg,Jamie Mullarkey,27,5 ft 8 in (1.73 m),,UFC on ESPN 39 (TBD) – Michael Johnson,[141],2–3,14–5
Flag of Germany.svg,Ottman Azaitar,32,5 ft 8 in (1.73 m),Bulldozer,,,2–0,13–0
Flag of United States.svg,Joe Solecki,28,5 ft 9 in (1.75 m),,Win - UFC Fight Night 207 (Las Vegas) - Alex da Silva Coelho,[155],4–1,12–3
Flag of Venezuela.svg,Omar Morales,36,5 ft 9 in (1.75 m),The Venezuelan Fighter,Loss - UFC Fight Night 206 (Las Vegas) – Uroš Medić,[156],3–3,11–3
Flag of United States.svg,Steve Garcia,30,6 ft 0 in (1.83 m),Mean Machine,Loss - UFC 275 (Singapore) - Hayisaer Maheshate,[157],1–2,12–5
Flag of England.svg,Jai Herbert,34,6 ft 1 in (1.85 m),The Black Country Banger,UFC Fight Night 208 (London) - Kyle Nelson,[158],1–3,11–4
Flag of United States.svg,Alexander Muñoz,32,5 ft 9 in (1.75 m),,,,0–2,6–2
Flag of Slovakia.svg,Ľudovít Klein,27,5 ft 8 in (1.73 m),,UFC 277 (Dallas) - Ignacio Bahamondes,[159],2–2,18–4
Flag of Spain.svg,Ilia Topuria,25,5 ft 7 in (1.70 m),,,,4–0,12–0
Flag of Poland.svg,Mateusz Gamrot,31,5 ft 10 in (1.78 m),Gamer,UFC on ESPN 38 (Las Vegas) - Arman Tsarukyan,[154],3–1,20–1 (1NC)
Flag of Georgia (country).svg,Guram Kutateladze,30,5 ft 11 in (1.80 m),,Loss - UFC on ESPN 37 (Austin) - Damir Ismagulov,[152],1–1,12–3
Flag of United States.svg,Charlie Ontiveros,30,6 ft 2 in (1.88 m),The American Badboy,,,0–2,11–8
Flag of United States.svg,Jordan Leavitt,27,5 ft 11 in (1.80 m),The Monkey King,UFC Fight Night 208 (London) - Paddy Pimblett,[160],3–1,10–1
Flag of Wales.svg,Mason Jones,27,5 ft 10 in (1.78 m),The Dragon,,,1–1 (1),11–1 (1)
Flag of United States.svg,Michael Chandler,36,5 ft 8 in (1.73 m),Iron,Win - UFC 274 (Phoenix) - Tony Ferguson,[143],2–2,23–7
Flag of Serbia.svg,Uroš Medić,29,6 ft 1 in (1.85 m),The Doctor,Win - UFC Fight Night 206 (Las Vegas) – Omar Morales,[156],2–1,8–1
Flag of Mexico.svg,Rafa García,27,5 ft 7 in (1.70 m),Gifted,,,2–2,13–2
Flag of Chile.svg,Ignacio Bahamondes,24,6 ft 3 in (1.91 m),La Jaula,UFC 277 (Dallas) - Ľudovít Klein,[159],2–1,13–4
Flag of Brazil.svg,Rafael Alves,31,5 ft 8 in (1.73 m),The Turn,UFC 277 (TBD) - Drew Dober,[144],1–1,20–10
Flag of United States.svg,Terrance McKinney,27,5 ft 10 in (1.78 m),T.Wrecks,UFC on ESPN 40 (TBD) - Erick Gonzalez,[161],2–1,12–4
Flag of England.svg,Paddy Pimblett,27,5 ft 10 in (1.78 m),The Baddy,UFC Fight Night 208 (London) - Jordan Leavitt<,[160],2–0,18–3
Flag of United States.svg,Mike Breeden,33,5 ft 10 in (1.78 m),,,,0–2,10–5
Flag of United States.svg,Erick Gonzalez,30,5 ft 11 in (1.80 m),The Ghost Peper,UFC on ESPN 40 (TBD) - Terrance McKinney,[161],0–1,14–6
Flag of Uganda.svg,David Onama,28,5 ft 11 in (1.80 m),,UFC on ESPN 39 (Las Vegas) ) - Austin Lingo / Moving to Featherweight,[162],1–1,9–1
Flag of France.svg,Benoît St.Denis,26,5 ft 11 in (1.80 m),God of War,Win - UFC Fight Night 207 (Las Vegas) - Niklas Stolze,[163],1–1,9–1 (1 NC)
Flag of Israel.svg,Natan Levy,30,5 ft 9 in (1.75 m),,,,1–1,7–1
Flag of Russian Federation.svg,Viacheslav Borshchev,30,5 ft 11 in (1.80 m),Slava Claus,,,1–1,6–2
Flag of Mexico.svg,Genaro Valdéz,30,5 ft 9 in (1.75 m),El Rayadito,,,0–1,10–1
Flag of Brazil.svg,Nikolas Motta,29,5 ft 9 in (1.75 m),Iron,UFC Fight Night 211 (TBD) - Cameron VanCamp,[137],0–1,12–4
Flag of United States.svg,Trey Ogden,32,5 ft 11 in (1.80 m),,UFC Fight Night 211 (TBD) - Daniel Zellhuber,[18],0–1,15–5
Flag of Mexico.svg,Manuel Torres,27,5 ft 10 in (1.78 m),El Loco,Win - UFC on ESPN 36 (Las Vegas) – Frank Camacho,[164],1–0,13–2
Flag of China.svg,Hayisaer Maheshate,22,6 ft 0 in (1.83 m),,Win - UFC 275 (Singapore) - Steve Garcia,[157],1–0,9–1
Flag of United States.svg,Cub Swanson *,38,5 ft 7 in (1.70 m),Killer,,,18–11,28–12
Flag of United States.svg,Darren Elkins,38,5 ft 10 in (1.78 m),The Damage,,,17–9,27–10
Flag of South Korea.svg,The Korean Zombie *,35,5 ft 9 in (1.75 m),The Korean Zombie,,,7–6,17–7
Flag of Brazil.svg,Edson Barboza,36,5 ft 11 in (1.80 m),Junior,,,16–11,22–11
Flag of United States.svg,Alex Caceres,34,5 ft 10 in (1.78 m),Bruce Leeroy,,,14–11 (1 NC),19–13 (1 NC)
Flag of United States.svg,Max Holloway,30,5 ft 11 in (1.80 m),Blessed,UFC 276 (Las Vegas) - Alexander Volkanovski,[60],19–6,23–6
Flag of United States.svg,Daniel Pineda,36,5 ft 7 in (1.70 m),The Pit,,,4–5 (1 NC),27–14 (1 NC)
Flag of United States.svg,Andre Fili,32,5 ft 11 in (1.80 m),Touchy,UFC Fight Night 211 (TBD) - Lando Vannata,[165],9–8 (1 NC),21–9 (1 NC)
Flag of Russian Federation.svg,Zubaira Tukhugov,31,5 ft 8 in (1.73 m),Warrior,,,5–2–1,20–5–1
Flag of New Zealand.svg,Dan Hooker,32,6 ft 0 in (1.83 m),The Hangman,,,11–8,21–12
Flag of United States.svg,Brian Ortega,31,5 ft 8 in (1.73 m),T-City,UFC on ABC 3 (New York) - Yair Rodriguez,[166],7–2 (1 NC),15–2 (1 NC)
Flag of United States.svg,Damon Jackson,33,5 ft 11 in (1.80 m),The Leech,UFC Fight Night 211 (TBD) - Pat Sabitini,[167],4–2–1 (1 NC),21–4–1 (1 NC)
Flag of Mexico.svg,Yair Rodríguez,29,5 ft 11 in (1.80 m),El Pantera,UFC on ABC 3 (New York) - Brian Ortega,[166],8–2 (1 NC),13–3 (1 NC)
Flag of Mexico.svg,Alejandro Pérez,32,5 ft 6 in (1.68 m),Turbo,,,8–4–1,22–9–1
Flag of Mexico.svg,Gabriel Benítez,34,5 ft 8 in (1.73 m),Moggly,,,6–6,22–10
Flag of South Korea.svg,Doo Ho Choi,31,5 ft 10 in (1.78 m),The Korean Superboy,,,3–3,14–4
Flag of Finland.svg,Makwan Amirkhani,33,5 ft 10 in (1.78 m),Mr. Finland,UFC Fight Night 208 (London) - Jonathan Pearce,[168],7–5,17–7
Flag of England.svg,Arnold Allen,28,5 ft 8 in (1.73 m),Almighty,,,9–0,18–1
Flag of United States.svg,Ryan Hall,37,5 ft 10 in (1.78 m),The Wizard,Complete tear of ACL - Out for 2022,[169],5–1,9–2
Flag of United States.svg,Josh Emmett,37,5 ft 7 in (1.70 m),,Win - UFC on ESPN 37 (Austin) - Calvin Kattar,[170],9–2,18–2
Flag of United States.svg,Lando Vannata,30,5 ft 9 in (1.75 m),Groovy,UFC Fight Night 211 (TBD) - Andre Fili,[165],4–6–2,12–6–2
Flag of United States.svg,Kevin Aguilar,33,5 ft 7 in (1.70 m),The Angel of Death,,,2–4,17–5
Flag of Australia.svg,Alexander Volkanovski (C),33,5 ft 6 in (1.68 m),The Great,UFC 276 (Las Vegas) - Max Holloway,[60],11–0,24–1
Flag of United States.svg,Shane Burgos,31,5 ft 11 in (1.80 m),Hurricane,UFC on ABC 3 (Las Vegas) - Charles Jourdain,[171],7–3,14–3
Flag of Brazil.svg,Ricardo Ramos,26,5 ft 9 in (1.75 m),,Win -UFC on ESPN 37 (Las Vegas) - Danny Chavez,[172],7–3,16–4
Flag of Canada.svg,Gavin Tucker,36,5 ft 7 in (1.70 m),The Newfoundland Terror,,,4–2,13–2
Flag of Scotland.svg,Danny Henry,33,5 ft 11 in (1.80 m),The Hatchet,,,2–2,12–4
Flag of United States.svg,Calvin Kattar,34,5 ft 11 in (1.80 m),The Boston Finisher,Loss - UFC on ESPN 37 (Austin) - Josh Emmett,[170],7–4,23–6
Flag of New Zealand.svg,Shane Young,28,5 ft 8 in (1.73 m),Sugar,,,2–3,13–6
Flag of United States.svg,Dan Ige,30,5 ft 7 in (1.70 m),50k,Loss - UFC Fight Night 207 (Las Vegas) – Movsar Evloev,[173],7–5,15–6
Flag of United States.svg,Steven Peterson,32,5 ft 9 in (1.75 m),Ocho,,,3–4,19–10
Flag of Canada.svg,Hakeem Dawodu,30,5 ft 8 in (1.73 m),Mean,,,6–2,13–2–1
Flag of United States.svg,Ricky Simón,29,5 ft 6 in (1.68 m),,UFC on ABC 3 (New York) - Jack Shore / Moving to Bantamweight,[174],7–2,19–3
Flag of Canada.svg,Charles Jourdain,26,5 ft 9 in (1.75 m),Air,UFC on ABC 3 (Las Vegas) - Shane Burgos,[171],4–3–1,13–4–1
Flag of United States.svg,Michael Trizano,30,5 ft 11 in (1.80 m),The Lone Wolf,Loss - UFC Fight Night 207 (Las Vegas) - Lucas Almeida,[175],3–3,9–3
Flag of United States.svg,Bryce Mitchell,27,5 ft 10 in (1.78 m),Thug Nasty,,,6–0,15–0
Flag of Canada.svg,Kyle Nelson,31,5 ft 11 in (1.80 m),The Monster,UFC Fight Night 208 (London) - Jai Herbert/ Moving to Lightweight,[158],1–4,13–4
Flag of United States.svg,Julian Erosa,32,6 ft 1 in (1.85 m),Juicy J,,,5–5,26–9
Flag of England.svg,Chris Fishgold,30,5 ft 8 in (1.73 m),,,,1–3,18–4–1
Flag of Nigeria.svg,Sodiq Yusuff,29,5 ft 9 in (1.75 m),Super,,,5–1,12–2
Flag of Brazil.svg,Kron Gracie,33,5 ft 9 in (1.75 m),Ice Cream,,,1–1,5–1
Flag of Russian Federation.svg,Movsar Evloev,29,5 ft 8 in (1.73 m),,Win - UFC Fight Night 207 (Las Vegas) – Dan Ige,[173],6–0,16–0
Flag of South Korea.svg,Seung Woo Choi,29,5 ft 11 in (1.80 m),Sting,Loss - UFC 275 (Singapore) - Joshua Culibao,[176],3–4,10–5
Flag of England.svg,Lerone Murphy,30,5 ft 10 in (1.78 m),The Miracle,,,3–0–1,11–0–1
Flag of Georgia (country).svg,Giga Chikadze,33,6 ft 0 in (1.83 m),,Named 2022 UFC Recipient of Forrest Griffin Community Award,[177],7–1,14–3
Flag of United States.svg,Sean Woodson,30,6 ft 2 in (1.88 m),The Sniper,UFC 278 (Salt Lake City) - Luis Saldaña,[178],3–1,9–1
Flag of United States.svg,Jonathan Pearce,30,5 ft 11 in (1.80 m),JSP,UFC Fight Night 211 (London) - Makwan Amirkhani,[168],3–1,12–4
Flag of United States.svg,Billy Quarantillo,33,5 ft 10 in (1.78 m),,UFC on ABC 3 (New York) - Bill Algeo,[179],4–2,16–4
Flag of United States.svg,Chase Hooper,22,6 ft 1 in (1.85 m),The Teenage Dream,Win - UFC Fight Night 206 (Las Vegas) – Felipe Colares,[180],3–2,11–2–1
Flag of Brazil.svg,Herbert Burns,34,5 ft 9 in (1.75 m),The Blaze,UFC on ABC 3 (New York) – Khusein Askhabov,[23],2–1,11–3
Flag of United States.svg,Nate Landwehr,34,5 ft 9 in (1.75 m),The Train,,,2–2,15–4
Flag of United States.svg,Youssef Zalal,25,5 ft 10 in (1.78 m),The Moroccan Devil,,,3–3,10–5
Flag of United States.svg,Austin Lingo,24,5 ft 10 in (1.78 m),Light Out,UFC on ESPN 39 (Las Vegas) - David Onama,[162],2–1,9–1
Flag of Australia.svg,Joshua Culibao,28,5 ft 9 in (1.75 m),,Win - UFC 275 (Singapore) - Seung Woo Choi,[176],2–1–1,10–1–1
Flag of United States.svg,T.J. Brown,32,5 ft 9 in (1.75 m),Downtown,Loss - UFC on ESPN 38 (Las Vegas) – Shayilan Nuerdanbieke,[181],2–3,16–9
Flag of United States.svg,Darrick Minner,32,5 ft 8 in (1.73 m),,"(May 25, 2022) - Undisclosed reasons - Out of UFC Fight Night 207 (Las Vegas) - Damon Jackson",[182],2–3,26–13
Flag of United States.svg,Jamall Emmers,32,5 ft 10 in (1.78 m),Perettyboy,,,1–2,18–6
Flag of United States.svg,Danny Chavez,35,5 ft 7 in (1.70 m),The Colombian Warrior,Loss - UFC on ESPN 37 (Las Vegas) - Ricardo Ramos,[172],1–2–1,11–5–1
Flag of United States.svg,Bill Algeo,33,5 ft 11 in (1.80 m),El Señor Perfecto,UFC on ABC 3 (New York) - Billy Quarantillo,[179],2–2,15–6
Flag of United States.svg,Luis Saldaña,31,5 ft 11 in (1.80 m),,UFC 278 (Salt Lake City) - Sean Woodson,[178],2–1,16–7
Flag of United States.svg,Pat Sabatini,31,5 ft 8 in (1.73 m),,UFC Fight Night 211 (TBD) - Damon Jackson,[167],4–0,17–3
Flag of United States.svg,Tucker Lutz,27,5 ft 8 in (1.73 m),Top Gun,,,1–1,12–2
Flag of China.svg,Shayilan Nuerdanbieke,28,5 ft 8 in (1.73 m),Wolverine,Win - UFC on ESPN 38 (Las Vegas) – T.J. Brown,[181],2–1,21–7
Flag of United States.svg,Kamuela Kirk,28,5 ft 10 in (1.78 m),The Jawaiian,,,1–1,12–5
Flag of Armenia.svg,Melsik Baghdasaryan,30,5 ft 9 in (1.75 m),The Gun,,,2–0,7–1
Flag of Brazil.svg,Joanderson Brito,27,5 ft 8 in (1.73 m),Tubarão,,,1–1,13–3–1
Flag of United States.svg,Christian Rodriguez,24,5 ft 7 in (1.70 m),CeeRod,,,0–1,7–1
Flag of United States.svg,Daniel Argueta,28,5 ft 7 in (1.70 m),The Determined,Loss - UFC Fight Night 207 (Las Vegas) - Damon Jackson,[182],0–1,8–1
Flag of Brazil.svg,Lucas Almeida,31,5 ft 11 in (1.80 m),,Win - UFC Fight Night 207 (Las Vegas) – Michael Trizano,[175],1–0,14–1
Flag of United States.svg,Urijah Faber *,43,5 ft 6 in (1.68 m),The California Kid,,,20–10,35–11
Flag of United States.svg,Frankie Edgar,40,5 ft 6 in (1.68 m),The Answer,,,18–10–1,24–10–1
Flag of Brazil.svg,Rani Yahya *,37,5 ft 6 in (1.68 m),,"(June 14, 2022) -- Yahya injured - Out of UFC on ESPN 39 (Las Vegas) - Cody Garbrandt",[183],17–7–1 (1 NC),28–10–1 (1 NC)
Flag of United States.svg,Dominick Cruz *,37,5 ft 8 in (1.73 m),Dominator,UFC Fight Night 209 (San Diego) - Marlon Vera,[184],14–3,24–3
Flag of Brazil.svg,José Aldo *,35,5 ft 7 in (1.70 m),Junior,UFC 278 (Salt Lake City) - Merab Dvalishvili,[185],21–6,31–7
Flag of Brazil.svg,Raphael Assunção *,39,5 ft 5 in (1.65 m),,,,14–8,27–9
Flag of United States.svg,TJ Dillashaw,36,5 ft 6 in (1.68 m),,,,13–4,17–4
Flag of Canada.svg,Mitch Gagnon,37,5 ft 5 in (1.65 m),,,,4–4,12–5
Flag of South Korea.svg,Kang Kyung-ho,34,5 ft 9 in (1.75 m),Mr. Perfect,Win - UFC 275 (Singapore) – Danaa Batgerel,[186],7–3 (1 NC),18–9 (1 NC)
Flag of England.svg,Davey Grant,36,5 ft 8 in (1.73 m),Dangerous,Win - UFC on ESPN 36 (Las Vegas) – Louis Smolka,[187],5–5,14–6
Flag of Brazil.svg,Douglas Silva de Andrade,37,5 ft 7 in (1.70 m),D'Silva,UFC on ESPN 39 (Las Vegas)- Said Nurmagomedov,[188],6–4,28–4 (1 NC)
Flag of United States.svg,Aljamain Sterling (C),32,5 ft 7 in (1.70 m),Funk Master,,,13–3,21–3
Flag of Brazil.svg,Pedro Munhoz,35,5 ft 6 in (1.68 m),The Young Punisher,UFC 276 (Las Vegas) - Sean O'Malley,[189],9–7 (1 NC),19–7 (1 NC)
Flag of United States.svg,Rob Font,35,5 ft 8 in (1.73 m),,,,9–5,19–6
Flag of United States.svg,Frankie Saenz,41,5 ft 6 in (1.68 m),,,,5–5,13–7
Flag of Argentina.svg,Guido Cannetti,42,5 ft 6 in (1.68 m),Ninja,UFC Fight Night 212 (TBD) - Randy Costa,[190],3–5,9–6
Flag of Ecuador.svg,Marlon Vera,29,5 ft 8 in (1.73 m),Chito,UFC Fight Night 209 (San Diego) - Dominick Cruz,[184],13–6,19–7–1
Flag of Canada.svg,Aiemann Zahabi,34,5 ft 8 in (1.73 m),,UFC on ESPN 39 (Las Vegas) - Ricky Turcios,[191],2–2,8–2
Flag of United States.svg,Brian Kelleher,35,5 ft 6 in (1.68 m),Boom,Loss - UFC on ESPN 38 (Las Vegas) - Mario Bautista,[192],8–7,24–14
Flag of United States.svg,Cody Stamann,32,5 ft 6 in (1.68 m),The Spartan,Win - UFC on ESPN 37 (Austin) - Eddie Wineland,[193],6–4–1,20–5–1
Flag of China.svg,Song Yadong,24,5 ft 6 in (1.68 m),The Terminator,UFC Fight Night 211 (TBD) - Cory Sandhagen,[194],8–1–1,19–6–1 (1 NC)
Flag of United States.svg,Sean O'Malley,27,5 ft 11 in (1.80 m),Sugar,UFC 276 (Las Vegas) - Pedro Munhoz,[189],7–1,15–1
Flag of United States.svg,Brandon Davis,32,5 ft 10 in (1.78 m),Killer B,,,2–6,14–8
Flag of Georgia (country).svg,Merab Dvalishvili,31,5 ft 6 in (1.68 m),,UFC 278 (Salt Lake City) - José Aldo,[185],7–2,14–4
Flag of United States.svg,Benito Lopez,28,5 ft 10 in (1.78 m),Golden Boy,,,2–1,10–1
Flag of United States.svg,Julio Arce,32,5 ft 7 in (1.70 m),,,,5–3,18–5
Flag of United States.svg,Cory Sandhagen,30,5 ft 11 in (1.80 m),,UFC Fight Night 211 (TBD) - Song Yadong,[194],7–3,14–4
Flag of England.svg,Nathaniel Wood,28,5 ft 6 in (1.68 m),The Prospect,UFC Fight Night 208 (London) - Charles Rosa/ Moving to Featherweight,[148],4–2,17–5
Flag of Brazil.svg,Raoni Barcelos,35,5 ft 7 in (1.70 m),,,,5–2,16–3
Flag of Russian Federation.svg,Petr Yan,29,5 ft 7 in (1.70 m),No Mercy,,,8–2,16–3
Flag of Russian Federation.svg,Said Nurmagomedov,30,5 ft 8 in (1.73 m),,UFC on ESPN 39 (Las Vegas) - Douglas Silva de Andrade,[188],4–1,15–2
Flag of China.svg,Liu Pingyuan,29,5 ft 6 in (1.68 m),,,,2–2,13–7
Flag of Germany.svg,Khalid Taha,30,5 ft 7 in (1.70 m),,,,1–3 (1 NC),13–4 (1 NC)
Flag of United States.svg,Montel Jackson,30,5 ft 10 in (1.78 m),Quik,,,5–2,11–4
Flag of United States.svg,Jonathan Martinez,35,5 ft 7 in (1.70 m),Dragon,Win - UFC Fight Night 206 (Las Vegas) - Vince Morales,[195],7–3,16–4
Flag of United States.svg,Vince Morales,31,5 ft 7 in (1.70 m),Vandetta,Loss - UFC Fight Night 206 (Las Vegas) - Jonathan Martinez,[195],3–4,11–6
Flag of United States.svg,Chris Gutiérrez,31,5 ft 8 in (1.73 m),El Guapo,,,6–1–1,18–4–2
Flag of United States.svg,Mario Bautista,28,5 ft 9 in (1.75 m),,Win - UFC on ESPN 38 (Las Vegas) - Brian Kelleher,[192],4–2,10–2
Flag of Brazil.svg,Felipe Colares,28,5 ft 9 in (1.75 m),Cabocao,,,2–3,10–3
Flag of Brazil.svg,Raulian Paiva,26,5 ft 6 in (1.68 m),,Loss - UFC on ESPN 38 (Las Vegas) - Sergey Morozov,[196],3–4,21–5
Flag of United States.svg,Casey Kenney,31,5 ft 7 in (1.70 m),,,,5–3,16–4–1
Flag of United States.svg,Randy Costa,27,5 ft 10 in (1.78 m),The Zohan,UFC Fight Night 212 (TBD) - Guido Cannetti,[190],2–3,6–3
Flag of United States.svg,Journey Newson,33,5 ft 5 in (1.65 m),,Win - UFC 274 (Phoenix) – Fernie Garcia,[197],1–2 (1 NC),10–3 (1 NC)
Flag of China.svg,Alateng Heili,30,5 ft 6 in (1.68 m),,,,3–1–1,15–8–2
Flag of Mongolia.svg,Danaa Batgerel,32,5 ft 8 in (1.73 m),,Loss - UFC 275 (Singapore) – Kang Kyung-ho,[186],3–3,10–4
Flag of United States.svg,Miles Johns,28,5 ft 7 in (1.70 m),Chapo,"Tested positive for adderall in a urine test collected at the day of UFC Fight Night 200 - six-month suspension, along with a $3,450.",[198],3–2,12–2
Flag of Wales.svg,Jack Shore,27,5 ft 9 in (1.75 m),Tank,UFC on ABC 3 (New York) - Ricky Simón,[174],5–0,16–0
Flag of United States.svg,Tony Gravely,30,5 ft 5 in (1.65 m),,Win - UFC Fight Night 207 (Las Vegas) - Johnny Muñoz Jr.,[199],4–2,23–7
Flag of United States.svg,Kyler Phillips,27,5 ft 8 in (1.73 m),The Matrix,,,4–1,10–2
Flag of United States.svg,Aaron Phillips,32,5 ft 9 in (1.75 m),The Model,,,0–3,12–4
Flag of United States.svg,John Castañeda,30,5 ft 7 in (1.70 m),Sexi Mexi,,,2–1,19–5
Flag of United States.svg,Nate Maness,31,5 ft 10 in (1.78 m),Mayhem,Loss - UFC on ESPN 38 (Las Vegas) - Umar Nurmagomedov,[200],3–0,14–1
Flag of United States.svg,Johnny Muñoz Jr.,29,5 ft 9 in (1.75 m),Kid Kvenbo,Loss - UFC Fight Night 207 (Las Vegas) - Tony Gravely,[199],1–2,11–2
Flag of United States.svg,Tony Kelley,35,5 ft 10 in (1.78 m),Prime Time,Loss - UFC on ESPN 37 (Austin) - Adrian Yanez,[201],2–2,8–3
Flag of Guam.svg,Trevin Jones,31,5 ft 6 in (1.68 m),5 Star,,,1–2 (1 NC),13–8 (1 NC)
Flag of United States.svg,Kevin Natividad,29,5 ft 6 in (1.68 m),Quicksand,,,0–2,9–3
Flag of United States.svg,Adrian Yanez,28,5 ft 7 in (1.70 m),,Win - UFC on ESPN 37 (Austin) - Tony Kelley,[201],5–0,16–3
Flag of Russian Federation.svg,Umar Nurmagomedov,26,5 ft 8 in (1.73 m),,Win - UFC on ESPN 38 (Las Vegas) - Nate Maness,[200],3–0,15–0
Flag of Kazakhstan.svg,Sergey Morozov,33,5 ft 6 in (1.68 m),,Win - UFC on ESPN 38 (Las Vegas) - Raulian Paiva,[196],2–2,18–5
Flag of United States.svg,Ronnie Lawrence,30,5 ft 8 in (1.73 m),The Heat,UFC on ESPN 39 (Las Vegas) – Saidyokub Kakhramonov,[202],2–0,8–1
Flag of Argentina.svg,Marcelo Rojo,33,5 ft 8 in (1.73 m),El Pitbull,,,0–2,16–8
Flag of China.svg,Aori Qileng,29,5 ft 7 in (1.70 m),Mongolian Murderer,UFC 278 (Salt Lake City) – Jay Perrin,[203],1–2,23–11
Flag of Uzbekistan.svg,Saidyokub Kakhramonov,26,5 ft 7 in (1.70 m),,UFC on ABC 3 (New York) – Ronnie Lawrence,[202],1–0,9–2
Flag of United States.svg,Leomana Martinez,26,5 ft 10 in (1.78 m),Manaboi,,,1–1,9–3
Flag of United States.svg,Ricky Turcios,29,5 ft 9 in (1.75 m),Pretty Ricky,UFC on ESPN 39 (Las Vegas) - Aiemann Zahabi,[191],1–0,11–2
Flag of United States.svg,Brady Hiestand,23,5 ft 8 in (1.73 m),Bam Bam,,,0–1,5–2
Flag of Ukraine.svg,Liudvik Sholinian,32,5 ft 10 in (1.78 m),,,,0–1,9–2–1
Flag of Brazil.svg,Saimon Oliveira,31,5 ft 6 in (1.68 m),,,,0–1,18–4
Flag of United States.svg,Victor Henry,35,5 ft 7 in (1.70 m),La Mangosta,,,1–0,22–5
Flag of United States.svg,Jay Perrin,29,5 ft 7 in (1.70 m),Savage,UFC 278 (Salt Lake City) – Aori Qileng,[203],0–1,10–5
Flag of Canada.svg,Chad Anheliger,35,5 ft 6 in (1.68 m),The Monster,,,1–0,12–5
Flag of Afghanistan.svg,Javid Basharat,26,5 ft 9 in (1.75 m),The Snow Leopard,,,1–0,12–0
Flag of Brazil.svg,Daniel Santos,27,5 ft 7 in (1.70 m),Willycat,,,0–1,9–2
Flag of United States.svg,Fernie Garcia,30,5 ft 7 in (1.70 m),,Loss - UFC 274 (Phoenix) – Journey Newson,[197],0–1,10–2
Flag of United States.svg,Tim Elliott,35,5 ft 7 in (1.70 m),,,,7–10,17–13–1
Flag of United States.svg,Cody Garbrandt,30,5 ft 7 in (1.70 m),No Love,UFC on ESPN 39 (Las Vegas)- TBD / Moving to Bantamweight,[183],7–5,12–5
Flag of Brazil.svg,Matheus Nicolau,29,5 ft 6 in (1.68 m),,,,6–1,18–2–1
Flag of Mexico.svg,Brandon Moreno,28,5 ft 7 in (1.70 m),The Assassin Baby,UFC 277 (TBD) - Kai Kara-France,[204],8–3–2,19–6–2
Flag of United States.svg,Matt Schnell,32,5 ft 8 in (1.73 m),Danger,UFC on ABC 3 (New York) - Su Mudaerji,[108],5–4 (1 NC),15–6 (1 NC)
Flag of Brazil.svg,Alexandre Pantoja,32,5 ft 5 in (1.65 m),The Cannibal,UFC 277 (Dallas) - Alex Perez,[205],8–3,24–5
Flag of Brazil.svg,Deiveson Figueiredo (C),34,5 ft 5 in (1.65 m),Deus da Guerra,,,10–2–1,21–2–1
Flag of United States.svg,Alex Perez,29,5 ft 4 in (1.63 m),,UFC 277 (TBD) - Alexandre Pantoja,[205],6–2,24–6
Flag of China.svg,Su Mudaerji,26,5 ft 8 in (1.73 m),The Tibetan Eagle,UFC on ABC 3 (New York) - Matt Schnell,[108],3–1,16–4
Flag of New Zealand.svg,Kai Kara-France,29,5 ft 5 in (1.65 m),Don't Blink,UFC 277 (TBD) - Brandon Moreno,[204],7–2,24–9 (1 NC)
Flag of Russian Federation.svg,Askar Askarov,29,5 ft 5 in (1.65 m),Bullet,,,3–1–1,14–1–1
Flag of United States.svg,Tyson Nam,38,5 ft 7 in (1.70 m),,"(June 10, 2022) -- Tagir injured - Out of UFC on ESPN 38 (Las Vegas) - Tagir Ulanbekov",[206],2–3,20–12–1
Flag of Brazil.svg,Bruno Gustavo da Silva,32,5 ft 4 in (1.63 m),Bulldog,,,2–2 (1 NC),12–5–2 (1 NC)
Flag of Jamaica.svg,Ode' Osbourne,30,5 ft 7 in (1.70 m),The Oddity,Win - UFC Fight Night 207 (Las Vegas) – Zarrukh Adashev,[207],3–2,11–4–0 (1 NC)
Flag of the Czech Republic.svg,David Dvořák,30,5 ft 5 in (1.65 m),The Undertaker,,,3–1,20–4
Flag of United States.svg,Brandon Royval,29,5 ft 7 in (1.70 m),Raw Dawg,Win - UFC 274 (Phoenix) – Matt Schnell,[208],4–2,14–6
Flag of Kazakhstan.svg,Zhalgas Zhumagulov,33,5 ft 4 in (1.63 m),Zhako,Loss - UFC Fight Night 207 (Las Vegas) – Jeff Molina,[209],1–4,14–7
Flag of Canada.svg,Malcolm Gordon,32,5 ft 7 in (1.70 m),X,UFC Fight Night 209 (TBD) - Allan Nascimento,[210],2–2,14–5
Flag of Sweden.svg,Amir Albazi,28,5 ft 5 in (1.65 m),The Prince,UFC 278 (Salt Lake City) - Francisco Figueiredo,[25],2–0,14–1
Flag of United States.svg,Cody Durden,31,5 ft 7 in (1.70 m),,Win - UFC on ESPN 38 (Las Vegas) - JP Buys,[211],2–2–1,13–4–1
Flag of Russian Federation.svg,Tagir Ulanbekov,28,5 ft 6 in (1.68 m),Gifted,"(June 10, 2022) -- Tagir injured - Out of UFC on ESPN 38 (Las Vegas) - Tagir Ulanbekov",[206],2–1,13–2
Flag of United States.svg,Victor Rodriguez,29,5 ft 5 in (1.65 m),Vicious,,,0–2,7–4
Flag of Brazil.svg,Francisco Figueiredo,32,5 ft 6 in (1.68 m),Junior Mingau,UFC 278 (Salt Lake City) - Amir Albazi,[25],2–1,13–4–1 (1)
Flag of Angola.svg,Manel Kape,28,5 ft 5 in (1.65 m),Starboy,"(June 11, 2022) - Bout cancelled UFC 275 (Singapore) - Rogério Bontorin",[212],2–2,17–6
Flag of South Africa.svg,JP Buys,26,5 ft 5 in (1.65 m),Young Savage,Loss - UFC on ESPN 38 (Las Vegas) - Cody Durden,[211],0–3,9–5
Flag of United States.svg,Jeff Molina,24,5 ft 6 in (1.68 m),El Jefe,Win - UFC Fight Night 207 (Las Vegas) – Zhalgas Zhumagulov,[209],3–0,11–2
Flag of Colombia.svg,Juancamilo Ronderos,27,5 ft 4 in (1.63 m),,,,0–1,4–1
Flag of Brazil.svg,Daniel da Silva,26,5 ft 6 in (1.68 m),Miojo,UFC 279 (TBD) - Victor Altamirano,[213],0–2,11–3
Flag of Brazil.svg,Allan Nascimento,30,5 ft 9 in (1.75 m),Puro Osso,UFC Fight Night 209 (TBD) - Malcolm Gordon,[210],1–1,19–6
Flag of United States.svg,C.J. Vergara,31,5 ft 6 in (1.68 m),,Win - UFC 274 (Phoenix) – Kleydson Rodrigues,[214],1–1,10–3
Flag of Ukraine.svg,Denys Bondar,30,5 ft 6 in (1.68 m),Psycho,,,0–1,16–4
Flag of Mexico.svg,Victor Altamirano,31,5 ft 8 in (1.73 m),El Magnifico,UFC 279 (TBD) - Daniel da Silva,[213],0–1,10–2
Flag of United States.svg,Carlos Hernandez,28,5 ft 8 in (1.73 m),,,,1–0,8–1
Flag of England.svg,Muhammad Mokaev,21,5 ft 9 in (1.75 m),The Punisher,UFC Fight Night 208 (London) – Charles Johnson,[22],1–0,7–0 (1 NC)
Flag of Brazil.svg,Kleydson Rodrigues,26,5 ft 6 in (1.68 m),KR,Loss - UFC 274 (Phoenix) – C.J. Vergara,[214],0–1,7–2
Flag of United States.svg,Carlos Candelario,31,5 ft 8 in (1.73 m),The Cannon,Loss - UFC on ESPN 36 (Las Vegas) – Tatsuro Taira,[215],0–1,8–2
Flag of Japan.svg,Tatsuro Taira,22,5 ft 7 in (1.70 m),,Win - UFC on ESPN 36 (Las Vegas) – Carlos Candelario,[215],1–0,11–0
Flag of England.svg,Jake Hadley,25,5 ft 7 in (1.70 m),White Kong,"(June 16, 2022) Out of UFC 278 (TBD) - Victor Altamirano",[213],0–1,8–1
Flag of Brazil.svg,Amanda Nunes* (C),34,5 ft 8 in (1.73 m),The Lioness,,,14–2,21–4
Flag of United States.svg,Macy Chiasson,30,5 ft 9 in (1.75 m),,UFC 279 (TBD) – Irene Aldana/ Moving to Bantamweight,[216],6–2,8–2
Flag of United States.svg,Leah Letson,29,5 ft 7 in (1.70 m),Nidas,UFC Fight Night 212 (TBD) - Chelsea Chandler / Moving to Bantamweight,[29],1–1,5–2
Flag of France.svg,Zarah Fairn Dos Santos,29,5 ft 10 in (1.78 m),Infinite,UFC Fight Night 213 (Paris) - Ailin Perez,[26],0–2,6–4
Flag of Brazil.svg,Norma Dumont,31,5 ft 7 in (1.70 m),The Immortal,UFC Fight Night 211 (TBD) - Danyelle Wolf,[14],3–2,7–2
Flag of Panama.svg,Joselyne Edwards,26,5 ft 6 in (1.68 m),La Pantera,Win - UFC 275 (Singapore) - Ramona Pascual,[217],2–3,11–4
Flag of Brazil.svg,Josiane Nunes,28,5 ft 2 in (1.57 m),Josi,,,2–0,9–1
Flag of Hong Kong.svg,Ramona Pascual,33,5 ft 7 in (1.70 m),,Loss - UFC 275 (Singapore) - Joselyne Edwards,[217],0–2,6–4
Flag of United States.svg,Miesha Tate,35,5 ft 6 in (1.68 m),Cupcake,UFC on ABC 3 (Elmont) – Lauren Murph / Moving to Flyweight,[218],12–7,19–8
Flag of Netherlands.svg,Germaine de Randamie *,38,5 ft 9 in (1.75 m),The Iron Lady,,,8–3,10–4
Flag of United States.svg,Sara McMann,41,5 ft 6 in (1.68 m),,UFC Fight Night 209 (TBD) - Aspen Ladd,[219],7–6,13–6
Flag of Brazil.svg,Amanda Nunes,34,5 ft 8 in (1.73 m),The Lioness,(1) UFC 277 (Dallas) - Julianna Peña,[220],14–3,21–3
Flag of United States.svg,Julianna Peña * (C),32,5 ft 7 in (1.70 m),The Venezuelan Vixen,(1) UFC 277 (Dallas) - Amanda Nunes,[220],7–2,11–4
Flag of United States.svg,Raquel Pennington,33,5 ft 7 in (1.70 m),Rocky,,,11–7,14–8
Flag of United States.svg,Ashlee Evans-Smith,34,5 ft 8 in (1.73 m),Rebel Girl,"14 month suspension by USADA for tested positive for dehydroepiandrosterone retroactive from January 3, 2022. She will be eligible to fight again on March 3, 2023.",[47],3–5,6–5
Flag of United States.svg,Holly Holm,40,5 ft 8 in (1.73 m),The Preacher's Daughter,Loss - UFC Fight Night 206 (Las Vegas) – Ketlen Vieira,[222],7–6,14–6
Flag of Venezuela.svg,Veronica Macedo,26,5 ft 3 in (1.60 m),,,,1–4,6–4–1
Flag of Sweden.svg,Lina Länsberg,40,5 ft 7 in (1.70 m),Elbow Queen,,,4–5,10–6
Flag of Brazil.svg,Ketlen Vieira,30,5 ft 8 in (1.73 m),Fenômeno,Win - UFC Fight Night 206 (Las Vegas) – Holly Holm,[222],7–1,13–1
Flag of Mexico.svg,Irene Aldana,34,5 ft 9 in (1.75 m),Robles,UFC 279 (TBD) – Macy Chiasson,[216],6–4,13–6
Flag of United States.svg,Aspen Ladd,27,5 ft 6 in (1.68 m),,UFC Fight Night 209 (TBD) - Sara McMann,[219],4–3,9–3
Flag of Australia.svg,Jessica-Rose Clark,34,5 ft 4 in (1.63 m),Jessy Jess,UFC 276 (Las Vegas) - Julija Stoliarenko,[223],4–3,11–7 (1 NC)
Flag of China.svg,Wu Yanan,26,5 ft 9 in (1.75 m),Mulan,UFC 278 (Salt Lake City) - Lucie Pudilova,[25],1–4,12–5
Flag of Russian Federation.svg,Yana Kunitskaya,32,5 ft 6 in (1.68 m),Foxy,,,4–3,14–6 (1 NC)
Flag of Brazil.svg,Mayra Bueno Silva,30,5 ft 6 in (1.68 m),Sheetara,,,3–2–1,8–2–1
Flag of Sweden.svg,Pannie Kianzad,30,5 ft 7 in (1.70 m),Banzai,,,5–3,16–6
Flag of Lithuania.svg,Julija Stoliarenko,29,5 ft 7 in (1.70 m),,UFC 276 (Las Vegas) - Jessica-Rose Clark,[223],0–3,9–6–2
Flag of Sweden.svg,Bea Malecki,30,5 ft 11 in (1.80 m),Bad News Barbie,,,2–1,4–1
Flag of United States.svg,Julia Avila,34,5 ft 7 in (1.70 m),Raging Panda,,,3–1,9–2
Flag of Brazil.svg,Karol Rosa,27,5 ft 7 in (1.70 m),Karol,,,4–1,15–4
Flag of Switzerland.svg,Stephanie Egger,33,5 ft 7 in (1.70 m),,,,2–1,7–2
Flag of United States.svg,Jessica Eye,36,5 ft 6 in (1.68 m),Evil,UFC 276 (Las Vegas) – Maycee Barber,[224],5–9 (1 NC),15–10 (1 NC)
Flag of United States.svg,Lauren Murphy,38,5 ft 7 in (1.70 m),Lucky,UFC on ABC 3 (Elmont) – Miesha Tate,[218],7–5,15–5
Flag of Scotland.svg,Joanne Wood,35,5 ft 6 in (1.68 m),JoJo,,,7–8,15–8
Flag of Ukraine.svg,Maryna Moroz,30,5 ft 7 in (1.70 m),The Iron Lady,UFC on ESPN 39 (Las Vegas) - Sijara Eubanks,[225],6–3,11–3
Flag of United States.svg,Cortney Casey,35,5 ft 7 in (1.70 m),Cast Iron,UFC on ESPN 39 (Las Vegas) – Antonina Shevchenko,[226],6–8,10–9
Flag of Kyrgyzstan.svg,Valentina Shevchenko (C),34,5 ft 5 in (1.65 m),Bullet,Win - UFC 275 (Singapore)) – Taila Santos,[55],12–2,23–3
Flag of United States.svg,Katlyn Chookagian,33,5 ft 9 in (1.75 m),Blonde Fighter,"(June 15, 2022) Out of UFC Fight Night 210 (Paris) - Manon Fiorot",[227],11–4,18–4
Flag of Mexico.svg,Alexa Grasso,28,5 ft 5 in (1.65 m),,UFC Fight Night 209 (TBD) - Viviane Araújo,[228],6–3,14–3
Flag of United States.svg,JJ Aldrich,29,5 ft 5 in (1.65 m),,Loss - UFC Fight Night 207 (Las Vegas) - Erin Blanchfield,[229],7–4,11–5
Flag of United States.svg,Cynthia Calvillo,34,5 ft 4 in (1.63 m),,UFC on ESPN 39 (Las Vegas) - Nina Nunes,[230],6–4–1,9–4–1
Flag of South Korea.svg,Ji Yeon Kim,32,5 ft 6 in (1.68 m),Firefist,UFC 277 (Dallas) - Mariya Agapova,[231],3–5,9–5–2
Flag of United States.svg,Montana De La Rosa,27,5 ft 7 in (1.70 m),,,,5–3–1,12–7–1
Flag of Canada.svg,Gillian Robertson,27,5 ft 2 in (1.57 m),The Savage,UFC Fight Night 211 (TBD) - Melissa Gatto,[232],7–5,10–7
Flag of Brazil.svg,Priscila Cachoeira,33,5 ft 7 in (1.70 m),Zombie Girl,,,3–4,11–4
Flag of United States.svg,Andrea Lee,33,5 ft 6 in (1.68 m),KGB,Loss - UFC on ESPN 36 (Las Vegas) – Viviane Araújo,[233],5–4,13–6
Flag of England.svg,Molly McCann,32,5 ft 4 in (1.63 m),Meatball,UFC Fight Night 208 (London) - Hannah Goldy,[234],5–3,12–4
Flag of United States.svg,Sijara Eubanks,37,5 ft 4 in (1.63 m),SarJ,UFC on ESPN 39 (Las Vegas) - Maryna Moroz,[225],5–5,7–7
Flag of Brazil.svg,Jennifer Maia,33,5 ft 4 in (1.63 m),,,,4–5,19–9–1
Flag of United States.svg,Maycee Barber,24,5 ft 7 in (1.70 m),The Future,UFC 276 (Las Vegas) – Jessica Eye,[224],5–2,10–2
Flag of Kyrgyzstan.svg,Antonina Shevchenko,37,5 ft 8 in (1.73 m),La Pantera,UFC on ESPN 39 (Las Vegas) – Cortney Casey,[226],3–4,
Flag of Brazil.svg,Ariane Lipski,28,5 ft 6 in (1.68 m),Queen of Violence,,,3–4,14–7
Flag of Brazil.svg,Taila Santos,29,5 ft 5 in (1.65 m),,Loss - UFC 275 (Singapore) – Valentina Shevchenko,[55],4–2,19–2
Flag of Brazil.svg,Viviane Araújo,35,5 ft 5 in (1.65 m),ViVi,UFC Fight Night 209 (TBD) - Viviane Araújo,[228],5–2,11–3
Flag of Brazil.svg,Luana Carolina,29,5 ft 7 in (1.70 m),Dread,,,3–2,8–3
Flag of Brazil.svg,Amanda Ribas,28,5 ft 4 in (1.63 m),,Loss - UFC on ESPN 36 (TBD) - Katlyn Chookagian,[235],5–2,11–3
Flag of United States.svg,Hannah Goldy,30,5 ft 4 in (1.63 m),24k,UFC Fight Night 208 (London) - Molly McCann,[234],1–2,6–2
Flag of United States.svg,Tracy Cortez,28,5 ft 5 in (1.65 m),,Win - UFC 274 (Phoenix) - Melissa Gatto,[236],4–0,10–1
Flag of United States.svg,Shanna Young,31,5 ft 7 in (1.70 m),The Shanimal,,,1–2,8–4
Flag of Kazakhstan.svg,Mariya Agapova,25,5 ft 6 in (1.68 m),Demonslayer,UFC 277 (Dallas) - Ji Yeon Kim,[231],2–2,10–3
Flag of United States.svg,Miranda Maverick,24,5 ft 3 in (1.60 m),Fear The,,,3–2,10–4
Flag of United States.svg,Victoria Leonardo,32,5 ft 5 in (1.65 m),Fury,UFC Fight Night 208 (London) - Mandy Böhm,[237],0–2,8–4
Flag of France.svg,Manon Fiorot,32,5 ft 7 in (1.70 m),The Beast,UFC Fight Night 210 (Paris) - Jéssica Andrade,[227],4–0,9–1
Flag of Australia.svg,Casey O'Neill,24,5 ft 6 in (1.68 m),King,,,4–0,10–0
Flag of Brazil.svg,Melissa Gatto,26,5 ft 5 in (1.65 m),,UFC Fight Night 211 (TBD) - Gillian Robertson,[232],2–1,8–1–2
Flag of United States.svg,Erin Blanchfield,23,5 ft 4 in (1.63 m),Cold Blooded,Win - UFC Fight Night 207 (Las Vegas) - JJ Aldrich,[229],3–0,9–1
Flag of Germany.svg,Mandy Böhm,32,5 ft 7 in (1.70 m),Monster,UFC Fight Night 208 (London) - Victoria Leonardo,[237],0–1,7–1 (1 NC)
Flag of Canada.svg,Jasmine Jasudavicius,33,5 ft 7 in (1.70 m),,Loss - UFC on ESPN 37 (Austin) – Natália Silva,[238],1–1,7–2
Flag of Brazil.svg,Karine Silva,28,5 ft 5 in (1.65 m),Killer,Win - UFC Fight Night 207 (Las Vegas) – Poliana Botelho,[239],1–0,15–4
Flag of Brazil.svg,Natália Silva,25,5 ft 4 in (1.63 m),,Win - UFC on ESPN 37 (Austin) – Jasmine Jasudavicius,[238],1–0,13–5–1
Flag of Brazil.svg,Jéssica Andrade,30,5 ft 2 in (1.57 m),Bate Estaca,UFC Fight Night 210 (Paris) - Manon Fiorot/ Moving to Flyweight,[227],14–7,23–9
Flag of United States.svg,Nina Nunes,36,5 ft 5 in (1.65 m),The Strina,UFC on ESPN 39 (Las Vegas) - Cynthia Calvillo / Moving to Flyweight,[230],4–4,10–7
Flag of United States.svg,Carla Esparza (C),34,5 ft 1 in (1.55 m),Cookie Monster,Win - UFC 274 (Phoenix) - Rose Namajunas,[240],10–4,19–6
Flag of United States.svg,Rose Namajunas,29,5 ft 5 in (1.65 m),Thug,Loss - UFC 274 (Phoenix) - Carla Esparza,[240],9–4,11–5
Flag of United States.svg,Jessica Penne,39,5 ft 5 in (1.65 m),,UFC on ABC 3 (Las Vegas) - Emily Ducote,[30],3–3,14–5
Flag of United States.svg,Tecia Torres,32,5 ft 1 in (1.55 m),The Tiny Tornado,,,9–6,13–6
Flag of United States.svg,Angela Hill,35,5 ft 3 in (1.60 m),Overkill,Loss - UFC on ESPN 36 (TBd) – Virna Jandiroba,[241],8–12,13–12
Flag of United States.svg,Michelle Waterson,36,5 ft 3 in (1.60 m),The Karate Hottie,UFC on ABC 3 (New York) - Amanda Lemos,[242],6–5,18–9
Flag of Poland.svg,Karolina Kowalkiewicz,36,5 ft 3 in (1.60 m),Polish Princess,Win - UFC Fight Night 207 (Las Vegas) - Felice Herrig,[243],6–7,13–7
Flag of United States.svg,Tatiana Suarez,31,5 ft 5 in (1.65 m),,,,5–0,8–0
Flag of United States.svg,Ashley Yoder,34,5 ft 7 in (1.70 m),Spider Monkey,,,3–8,8–8
Flag of Brazil.svg,Amanda Lemos,35,5 ft 4 in (1.63 m),,UFC on ABC 3 (New York) - Michelle Waterson,[242],5–2,11–2–1
Flag of China.svg,Yan Xiaonan,33,5 ft 5 in (1.65 m),Nine,,,6–2,15–3 (1 NC)
Flag of Brazil.svg,Polyana Viana,30,5 ft 7 in (1.70 m),Dama de Ferro,Loss - UFC Fight Night 206 (Las Vegas) – Tabatha Ricci,[244],3–4,12–5
Flag of United States.svg,Mackenzie Dern,29,5 ft 3 in (1.60 m),,,,7–2,12–2
Flag of China.svg,Zhang Weili,32,5 ft 3 in (1.60 m),Magnum,Win - UFC 275 (Singapore) -Joanna Jędrzejczyk,[245],6–2,22–3
Flag of Brazil.svg,Marina Rodriguez,35,5 ft 7 in (1.70 m),,,,6–1–2,16–1–2
Flag of Brazil.svg,Virna Jandiroba,34,5 ft 3 in (1.60 m),Carcará,,,4–3,18–3
Flag of United States.svg,Brianna Fortino,28,4 ft 11 in (1.50 m),Tha Bull,"(June 3, 20220) - Unknown Reasons - Out of UFC on ABC 3 (Las Vegas) - Jessica Penne",[30],1–1,9–3
Flag of United States.svg,Miranda Granger,30,5 ft 7 in (1.70 m),Danger,UFC on ESPN 40 (TBD) - Cory McKenna,[246],1–2,7–2
Flag of United States.svg,Hannah Goldy,30,5 ft 4 in (1.63 m),24k,,,1–2,6–2
Flag of Japan.svg,Mizuki Inoue,27,5 ft 4 in (1.63 m),,,,1–1,14–6
Flag of Brazil.svg,Ariane Carnelossi,29,5 ft 2 in (1.57 m),Sorriso,Loss - UFC 274 (Phoenix) – Lupita Godinez,[247],2–2,14–3
Flag of Romania.svg,Diana Belbiţă,26,5 ft 7 in (1.70 m),The Warrior Princess,UFC Fight Night 211 (TBD) - Loma Lookboonmee,[248],1–3,14–7
Flag of Thailand.svg,Loma Lookboonmee,26,5 ft 1 in (1.55 m),,UFC Fight Night 211 (TBD) - Diana Belbiţă,[248],3–2,6–3
Flag of United States.svg,Jinh Yu Frey,37,5 ft 2 in (1.57 m),,Loss - UFC on ESPN 38 (Las Vegas) – Vanessa Demopoulos,[249],2–3,11–7
Flag of Japan.svg,Kanako Murata,28,5 ft 1 in (1.55 m),,,,1–1,12–2
Flag of Wales.svg,Cory McKenna,22,5 ft 3 in (1.60 m),Poppins / The Hobbit,UFC on ESPN 40 (TBD) - Miranda Granger,[246],1–1,6–2
Flag of United States.svg,Sam Hughes,30,5 ft 5 in (1.65 m),Sampage,Win - Bellator 268 (Phoenix) ) - Elise Reed,[250],2–3,7–4
Flag of Mexico.svg,Montserrat Ruiz,29,5 ft 0 in (1.52 m),Conejo,,,1–1,10–2
Flag of United States.svg,Cheyanne Vlismas,27,5 ft 3 in (1.60 m),The Warrior Princess,UFC Fight Night 212 (TBD) - Tabatha Ricci,[251],2–1,7–2
Flag of Mexico.svg,Lupita Godinez,28,5 ft 2 in (1.57 m),Loopy,Win - UFC 274 (Phoenix) – Ariane Carnelossi,[247],3–2,8–2
Flag of China.svg,Na Liang,25,5 ft 5 in (1.65 m),Dragon Girl,Loss - UFC 275 (Singapore) - Silvana Gómez Juárez,[252],0–2,15–6
Flag of Brazil.svg,Luana Pinheiro,28,5 ft 2 in (1.57 m),,,,2–0,10–1
Flag of Brazil.svg,Tabatha Ricci,27,5 ft 1 in (1.55 m),Baby Shark,UFC Fight Night 212 (TBD) - Cheyanne Vlismas<,[251],2–1,7–1
Flag of United States.svg,Elise Reed,29,5 ft 3 in (1.60 m),,Loss - Bellator 268 (Phoenix) - Sam Hughes,[250],1–2,5–2
Flag of United States.svg,Vanessa Demopoulos,33,5 ft 2 in (1.57 m),Lil Monster,Win - UFC on ESPN 38 (Las Vegas) – Jinh Yu Frey,[249],2–1,8–4
Flag of Argentina.svg,Silvana Gómez Juárez,37,5 ft 3 in (1.60 m),La Malvada,Win - UFC 275 (Singapore)- Na Liang,[252],1–2,11–4
Flag of Brazil.svg,Istela Nunes,29,5 ft 4 in (1.63 m),,UFC on ESPN 40 (TBD) - Yazmin Jauregui,[24],0–2,6–3 (1 NC)
Flag of Brazil.svg,Maria Oliveira,25,5 ft 5 in (1.65 m),Neta,Win -UFC on ESPN 37 (Austin) - Gloria de Paula,[253],1–1,13–5
Flag of Venezuela.svg,Piera Rodriguez,29,5 ft 3 in (1.60 m),La Fiera,,,1–0,8–0
